molecule_chembl_id,standard_type,standard_units,standard_value,type,units,value,Canonical_Smiles,MW,LogP,HBD,HBA,pIC50
CHEMBL2114210,IC50,nM,110000.0,IC50,uM,110.0,OC[C@H]1N[C@H](CO)[C@@H](O)C(O)[C@@H]1O,193.199,-3.6058999999999988,6,6,3.958607314841775
CHEMBL2114210,IC50,nM,110000.0,IC50,uM,110.0,OC[C@H]1N[C@H](CO)[C@@H](O)C(O)[C@@H]1O,193.199,-3.6058999999999988,6,6,3.958607314841775
CHEMBL2114210,Ki,nM,6200.0,Ki,uM,6.2,OC[C@H]1N[C@H](CO)[C@@H](O)C(O)[C@@H]1O,193.199,-3.6058999999999988,6,6,5.207608310501746
CHEMBL87169,IC50,nM,700.0,IC50,uM,0.7,OCC1NC(CO)[C@@H](O)C(O)C1O,193.199,-3.6058999999999988,6,6,6.154901959985743
CHEMBL87169,Ki,nM,6900.0,Ki,uM,6.9,OCC1NC(CO)[C@@H](O)C(O)C1O,193.199,-3.6058999999999988,6,6,5.161150909262744
CHEMBL2115215,IC50,nM,3200.0,IC50,uM,3.2,OC[C@@H]1N[C@H](CO)[C@@H](O)[C@H](O)[C@@H]1O,193.199,-3.6058999999999988,6,6,5.494850021680094
CHEMBL2115215,Ki,nM,450.0,Ki,uM,0.45,OC[C@@H]1N[C@H](CO)[C@@H](O)[C@H](O)[C@@H]1O,193.199,-3.6058999999999988,6,6,6.346787486224656
CHEMBL501355,IC50,nM,40.0,IC50,uM,0.04,OC[C@H]1N[C@H](CO)[C@@H](O)[C@H](O)[C@H]1O,193.199,-3.6058999999999988,6,6,7.3979400086720375
CHEMBL2093897,IC50,nM,8400.0,IC50,uM,8.4,OC[C@@H]1N[C@H](CO)[C@@H](O)[C@H](O)[C@H]1O,193.199,-3.6058999999999988,6,6,5.075720713938118
CHEMBL2442258,IC50,nM,60.0,IC50,uM,0.06,CN1[C@H](CO)[C@H](O)[C@@H](O)[C@H](O)[C@H]1CO,207.226,-3.2636999999999996,5,6,7.221848749616356
CHEMBL3084806,IC50,nM,4200.0,IC50,uM,4.2,CCCCN1[C@H](CO)[C@H](O)[C@@H](O)[C@H](O)[C@H]1CO,249.307,-2.093399999999999,5,6,5.376750709602099
CHEMBL77918,IC50,nM,50000.0,IC50,uM,50.0,CCCCN1[C@H](CO)[C@@H](O)[C@H](O)[C@H]1CO,219.28099999999998,-1.4542999999999995,4,5,4.301029995663981
CHEMBL307429,IC50,nM,360.0,IC50,uM,0.36,OC[C@H]1NC[C@H](O)[C@@H](O)[C@@H]1O,163.173,-2.9667999999999988,5,5,6.443697499232712
CHEMBL80254,IC50,nM,55000.0,IC50,uM,55.0,OC[C@H]1NC[C@@H](O)[C@@H]1O,133.147,-2.3276999999999988,4,4,4.259637310505756
CHEMBL310229,IC50,nM,50000.0,IC50,uM,50.0,CCCCN1C[C@@H](O)[C@H](O)[C@H]1CO,189.25499999999997,-0.8152000000000004,3,4,4.301029995663981
CHEMBL310231,IC50,nM,50000.0,IC50,uM,50.0,CN1[C@H](CO)[C@@H](O)[C@H](O)[C@H]1CO,177.2,-2.6245999999999996,4,5,4.301029995663981
CHEMBL312653,IC50,nM,50000.0,IC50,uM,50.0,OC[C@H]1N[C@H](CO)[C@@H](O)[C@@H]1O,163.173,-2.9667999999999988,5,5,4.301029995663981
CHEMBL1029,IC50,nM,2100.0,IC50,uM,2.1,CCCCN1C[C@H](O)[C@@H](O)[C@H](O)[C@H]1CO,219.28099999999998,-1.4542999999999995,4,5,5.6777807052660805
CHEMBL75971,IC50,nM,120.0,IC50,uM,0.12,CN1C[C@H](O)[C@@H](O)[C@H](O)[C@H]1CO,177.2,-2.6245999999999996,4,5,6.920818753952375
CHEMBL80148,IC50,nM,500000.0,IC50,uM,500.0,CN1C[C@@H](O)[C@H](O)[C@H]1CO,147.17399999999998,-1.9854999999999994,3,4,3.3010299956639813
CHEMBL121223,Ki,nM,1000.0,Ki,uM,1.0,C[Si](C)(C)c1cccc(CN2C[C@H](O)[C@@H](O)[C@H](O)[C@H]2CO)c1,325.481,-0.5089999999999995,4,5,6.0
CHEMBL323803,Ki,nM,10000.0,Ki,uM,10.0,C[Si](C)(C)c1ccccc1CN1C[C@H](O)[C@@H](O)[C@H](O)[C@H]1CO,325.481,-0.5090000000000003,4,5,5.0
CHEMBL120488,Ki,nM,10.0,Ki,uM,0.01,C[Si](C)(CCCN1C[C@H](O)[C@@H](O)[C@H](O)[C@H]1CO)c1ccccc1,339.50800000000004,-0.24869999999999925,4,5,8.0
CHEMBL333917,Ki,nM,2600.0,Ki,uM,2.6,C[Si](C)(CN1C[C@H](O)[C@@H](O)[C@H](O)[C@H]1CO)c1ccccc1,311.454,-1.099599999999999,4,5,5.585026652029182
CHEMBL120226,Ki,nM,4.0,Ki,uM,0.004,C[Si](C)(/C=C/CN1C[C@H](O)[C@@H](O)[C@H](O)[C@H]1CO)c1ccccc1,337.4920000000001,-0.5433999999999994,4,5,8.397940008672037
CHEMBL330763,Ki,nM,900.0,Ki,uM,0.9,CCC[Si](C)(C)CN1C[C@H](O)[C@@H](O)[C@H](O)[C@H]1CO,277.437,-0.5968,4,5,6.045757490560675
CHEMBL120395,Ki,nM,87.0,Ki,uM,0.087,CC(C)(C)[Si](C)(C)/C=C/CN1C[C@H](O)[C@@H](O)[C@H](O)[C@H]1CO,317.50200000000007,0.34949999999999976,4,5,7.060480747381382
CHEMBL332802,Ki,nM,28.0,Ki,uM,0.028,C[Si](C)(C)c1ccc(CN2C[C@H](O)[C@@H](O)[C@H](O)[C@H]2CO)cc1,325.48100000000005,-0.5089999999999997,4,5,7.552841968657781
CHEMBL120489,Ki,nM,70.0,Ki,uM,0.07,C[Si](C)(C)CCCCCN1C[C@H](O)[C@@H](O)[C@H](O)[C@H]1CO,305.49100000000004,0.2540999999999997,4,5,7.154901959985743
CHEMBL432221,Ki,nM,2.3,Ki,uM,0.0023,C[Si](C)(C)/C=C/CN1C[C@H](O)[C@@H](O)[C@H](O)[C@H]1CO,275.42100000000005,-0.8208,4,5,8.638272163982407
CHEMBL121283,Ki,nM,50.0,Ki,uM,0.05,C[Si](C)(C)CCCN1C[C@H](O)[C@@H](O)[C@H](O)[C@H]1CO,277.43700000000007,-0.5261000000000005,4,5,7.301029995663981
CHEMBL120169,Ki,nM,2500.0,Ki,uM,2.5,C[Si](C)(C)CN1C[C@H](O)[C@@H](O)[C@H](O)[C@H]1CO,249.383,-1.3769999999999993,4,5,5.6020599913279625
CHEMBL415713,Ki,nM,120.0,Ki,uM,0.12,C[Si](C)(C)CCCCN1C[C@H](O)[C@@H](O)[C@H](O)[C@H]1CO,291.46400000000006,-0.1359999999999999,4,5,6.920818753952375
CHEMBL44,IC50,nM,10400.0,IC50,uM,10.4,O=c1c(-c2ccc(O)cc2)coc2cc(O)cc(O)c12,270.24,2.576800000000001,3,5,4.982966660701219
CHEMBL44,IC50,nM,2610.0,IC50,uM,2.61,O=c1c(-c2ccc(O)cc2)coc2cc(O)cc(O)c12,270.24,2.576800000000001,3,5,5.583359492661719
CHEMBL44,Ki,nM,10400.0,Ki,mM,0.0104,O=c1c(-c2ccc(O)cc2)coc2cc(O)cc(O)c12,270.24,2.576800000000001,3,5,4.982966660701219
CHEMBL422734,IC50,nM,17000.0,IC50,M,0.000017,CCCCCCCCNC1C=C(CO)C(O)C(O)C1O,287.40000000000003,0.32009999999999966,5,5,4.769551078621726
CHEMBL1230806,IC50,nM,100000.0,IC50,M,0.0001,N[C@H]1C=C(CO)[C@@H](O)[C@H](O)[C@H]1O,175.184,-2.6713,5,5,4.0
CHEMBL367666,IC50,nM,100000.0,IC50,M,0.0001,CCCCNC1C=C(CO)C(O)C(O)C1O,231.292,-1.2403,5,5,4.0
CHEMBL426933,IC50,nM,100000.0,IC50,M,0.0001,CCCCCCCCCCCCCCCCCCNC1C=C(CO)C(O)C(O)C1O,427.66999999999996,4.221100000000006,5,5,4.0
CHEMBL174067,IC50,nM,100000.0,IC50,M,0.0001,OC1C(O)C(O)C2OC2C1O,162.141,-2.789,4,5,4.0
CHEMBL1744444,IC50,nM,100000.0,IC50,M,0.0001,C[C@]12CCC(=O)C[C@@H]1CC[C@@H]1[C@@H]2CC[C@]2(C)[C@@H](O)CC[C@@H]12.C[C@]12CC[C@H]3[C@@H](CCC4CC(=O)CC[C@@]43C)[C@@H]1CC[C@@H]2O,580.8940000000005,7.9182000000000095,2,4,4.0
CHEMBL354193,IC50,nM,50000.0,IC50,M,0.00005,CCCCCCNC1C=C(CO)C(O)C(O)C1O,259.346,-0.46010000000000034,5,5,4.301029995663981
CHEMBL2374254,IC50,nM,5.8,IC50,M,5.8E-9,OC[C@@]1(O)C[C@H](NC[C@H](O)c2ccccc2)[C@H](O)[C@H](O)[C@H]1O,313.3500000000001,-2.111999999999999,7,7,8.236572006437063
CHEMBL2051980,IC50,nM,3200.0,IC50,M,0.0000032,CO[C@H]1O[C@H](C)[C@@H](N[C@H]2C=C(CO)[C@@H](O)[C@H](O)[C@H]2O)[C@H](O)[C@H]1O,335.353,-3.5587999999999975,7,9,5.494850021680094
CHEMBL2051761,IC50,nM,28.0,IC50,M,2.8E-8,C[C@H]1C[C@H](N)[C@H](O)[C@@H](O)[C@@H]1N[C@H]1C[C@](O)(CO)[C@@H](O)[C@H](O)[C@H]1O,336.385,-4.388099999999994,9,9,7.552841968657781
CHEMBL2051982,IC50,nM,70.0,IC50,M,7E-8,C[C@H]1C[C@@H](O)[C@H](O)[C@@H](O)[C@H]1N[C@H]1C[C@](O)(CO)[C@@H](O)[C@H](O)[C@H]1O,337.369,-4.354499999999994,9,9,7.154901959985743
CHEMBL2374252,IC50,nM,34000.0,IC50,M,0.000034,OC[C@@H](N[C@H]1C[C@](O)(CO)[C@@H](O)[C@H](O)[C@H]1O)c1ccccc1,313.35,-2.1119999999999974,7,7,4.468521082957745
CHEMBL3349433,IC50,nM,240.0,IC50,M,2.4E-7,OC[C@@]1(O)C[C@H](NCC2CCCCC2)[C@H](O)[C@@H](O)[C@@H]1O,289.37199999999996,-1.2652999999999996,6,6,6.619788758288394
CHEMBL1230806,IC50,nM,340000.0,IC50,M,0.00034,N[C@H]1C=C(CO)[C@@H](O)[C@H](O)[C@H]1O,175.184,-2.6713,5,5,3.4685210829577446
CHEMBL3349432,IC50,nM,6.1,IC50,M,6.1E-9,OC[C@@]1(O)C[C@H](N[C@@H]2CCCC[C@H]2O)[C@H](O)[C@@H](O)[C@@H]1O,291.344,-2.5420999999999982,7,7,8.214670164989233
CHEMBL3349431,IC50,nM,15.0,IC50,M,1.5E-8,OCN(CO)[C@H]1C[C@](O)(CO)[C@@H](O)[C@H](O)[C@H]1O,253.251,-4.233599999999997,7,8,7.823908740944319
CHEMBL3349439,IC50,nM,1600.0,IC50,M,0.0000016,OC[C@@]1(O)C[C@H](N[C@H]2CCCC[C@@H]2O)[C@H](O)[C@@H](O)[C@@H]1O,291.344,-2.5420999999999982,7,7,5.795880017344075
CHEMBL3349435,IC50,nM,230.0,IC50,M,2.3E-7,OC[C@@]1(O)C[C@H](NCc2ccc(Br)cc2)[C@H](O)[C@@H](O)[C@@H]1O,362.22,-0.8829000000000007,6,6,6.638272163982407
CHEMBL2051983,IC50,nM,4.9,IC50,M,4.9E-9,CO[C@H]1O[C@H](C)[C@@H](N[C@H]2C[C@](O)(CO)[C@@H](O)[C@H](O)[C@H]2O)[C@H](O)[C@H]1O,353.368,-4.363999999999995,8,10,8.309803919971486
CHEMBL3349440,IC50,nM,550.0,IC50,M,5.5E-7,OCC(CO)N[C@H]1C[C@H](CO)[C@@H](O)[C@H](O)[C@H]1O,251.27900000000002,-3.607299999999998,7,7,6.259637310505756
CHEMBL222396,IC50,nM,2200.0,IC50,M,0.0000022,N[C@H]1C[C@](O)(CO)[C@@H](O)[C@H](O)[C@H]1O,193.199,-3.4765,6,6,5.657577319177793
CHEMBL2051762,IC50,nM,68.0,IC50,M,6.8E-8,C[C@H]1C[C@H](O)[C@H](O)[C@@H](O)[C@H]1N[C@H]1C[C@](O)(CO)[C@@H](O)[C@H](O)[C@H]1O,337.369,-4.354499999999994,9,9,7.167491087293763
CHEMBL1628264,IC50,nM,110000.0,IC50,M,0.00011,N[C@H]1C[C@H](CO)[C@@H](O)[C@H](O)[C@H]1O,177.20000000000002,-2.5913999999999997,5,5,3.958607314841775
CHEMBL3349436,IC50,nM,5900.0,IC50,M,0.0000059,OCC1=C[C@H](NC(CO)CO)[C@H](O)[C@@H](O)[C@@H]1O,249.263,-3.6871999999999985,7,7,5.229147988357856
CHEMBL2051978,IC50,nM,1500.0,IC50,M,0.0000015,C[C@H]1C[C@H](N)[C@H](O)[C@@H](O)[C@H]1N[C@H]1C[C@](O)(CO)[C@@H](O)[C@H](O)[C@H]1O,336.385,-4.388099999999994,9,9,5.823908740944319
CHEMBL2051981,IC50,nM,72.0,IC50,M,7.2E-8,CO[C@H]1O[C@H](CO)[C@@H](N[C@H]2C[C@](O)(CO)[C@@H](O)[C@H](O)[C@H]2O)[C@H](O)[C@H]1O,369.367,-5.3915999999999915,9,11,7.142667503568731
CHEMBL3349441,IC50,nM,200.0,IC50,M,2E-7,OC[C@@]1(O)C[C@H](NCc2cccs2)[C@H](O)[C@@H](O)[C@@H]1O,289.35300000000007,-1.5839000000000005,6,7,6.698970004336019
CHEMBL2374255,IC50,nM,5000.0,IC50,M,0.000005,OC[C@@]1(O)C[C@H](NC[C@@H](O)c2ccccc2)[C@H](O)[C@H](O)[C@H]1O,313.3500000000001,-2.111999999999999,7,7,5.301029995663981
CHEMBL2051763,IC50,nM,7200.0,IC50,M,0.0000072,CO[C@H]1O[C@H](CO)[C@@H](N[C@H]2C=C(CO)[C@@H](O)[C@H](O)[C@H]2O)[C@H](O)[C@H]1O,351.35200000000003,-4.586399999999993,8,10,5.142667503568732
CHEMBL3349438,IC50,nM,520.0,IC50,M,5.2E-7,CC(C)=CCC/C(C)=C/CN[C@H]1C[C@](O)(CO)[C@@H](O)[C@H](O)[C@H]1O,329.437,-0.1529000000000007,6,6,6.2839966563652006
CHEMBL2051760,IC50,nM,650.0,IC50,M,6.5E-7,CO[C@H]1O[C@H](C)[C@H](N[C@H]2C[C@](O)(CO)[C@@H](O)[C@H](O)[C@H]2O)[C@H](O)[C@H]1O,353.368,-4.363999999999995,8,10,6.187086643357144
CHEMBL3349443,IC50,nM,270.0,IC50,M,2.7E-7,OC[C@@]1(O)C[C@H](NC/C=C/c2ccccc2)[C@H](O)[C@@H](O)[C@@H]1O,309.3620000000001,-1.1322000000000005,6,6,6.568636235841013
CHEMBL2051979,IC50,nM,80000.0,IC50,M,0.00008,CO[C@H]1O[C@H](CO)[C@H](N[C@H]2C=C(CO)[C@@H](O)[C@H](O)[C@H]2O)[C@H](O)[C@H]1O,351.35200000000003,-4.586399999999993,8,10,4.096910013008056
CHEMBL2374253,IC50,nM,13.0,IC50,M,1.3E-8,OC[C@H](N[C@H]1C[C@](O)(CO)[C@@H](O)[C@H](O)[C@H]1O)c1ccccc1,313.35,-2.1119999999999974,7,7,7.886056647693163
CHEMBL3349446,IC50,nM,330.0,IC50,M,3.3E-7,OC[C@@]1(O)C[C@H](NCc2cccnc2)[C@H](O)[C@@H](O)[C@@H]1O,284.31200000000007,-2.2503999999999986,6,7,6.481486060122113
CHEMBL3349437,IC50,nM,100.0,IC50,M,1E-7,OC[C@@]1(O)C[C@H](NCCc2ccccc2)[C@H](O)[C@@H](O)[C@@H]1O,297.35100000000006,-1.6029,6,6,7.0
CHEMBL3349434,IC50,nM,410.0,IC50,M,4.1E-7,OC[C@@]1(O)C[C@H](NC2CCCCC2)[C@H](O)[C@@H](O)[C@@H]1O,275.34499999999997,-1.5128999999999995,6,6,6.3872161432802645
CHEMBL3349442,IC50,nM,43.0,IC50,M,4.3E-8,CC(C)(C)c1cc(CN[C@H]2C[C@](O)(CO)[C@@H](O)[C@H](O)[C@H]2O)cc(C(C)(C)C)c1O,411.53900000000016,0.6552000000000002,7,7,7.366531544420414
CHEMBL2051764,IC50,nM,100000.0,IC50,M,0.0001,CO[C@H]1O[C@H](C)[C@H](N[C@H]2C=C(CO)[C@@H](O)[C@H](O)[C@H]2O)[C@H](O)[C@H]1O,335.353,-3.5587999999999975,7,9,4.0
CHEMBL2051759,IC50,nM,100.0,IC50,M,1E-7,CO[C@H]1O[C@H](CO)[C@H](N[C@H]2C[C@](O)(CO)[C@@H](O)[C@H](O)[C@H]2O)[C@H](O)[C@H]1O,369.367,-5.3915999999999915,9,11,7.0
CHEMBL307429,IC50,nM,40.0,IC50,uM,0.04,OC[C@H]1NC[C@H](O)[C@@H](O)[C@@H]1O,163.173,-2.9667999999999988,5,5,7.3979400086720375
CHEMBL380336,IC50,nM,101000.0,IC50,uM,101.0,C=C1CC[C@@H]2[C@]3(C)COC(c4ccccc4)O[C@@H]3CC[C@@]2(C)[C@@H]1C/C=C1/C(=O)OC[C@H]1O,438.5640000000003,4.723600000000005,1,5,3.9956786262173574
CHEMBL205969,IC50,nM,101000.0,IC50,uM,101.0,C[C@]1(CO)[C@H]2CC[C@@]3(CO3)[C@@H](/C=C/C3=CC(=C/C=C/c4ccccc4)/OC3=O)[C@]2(C)CC[C@H]1O,462.5860000000003,4.577900000000005,2,5,3.9956786262173574
CHEMBL205155,IC50,nM,120000.0,IC50,uM,120.0,COc1ccc(/C=C2C=C(/C=C/[C@@H]3[C@@]4(CC[C@@H]5[C@](C)(CO)[C@H](O)CC[C@]53C)CO4)C(=O)O/2)cc1,466.5740000000003,4.030300000000003,2,6,3.9208187539523753
CHEMBL209093,IC50,nM,58000.0,IC50,uM,58.0,C=C1CC[C@@H]2[C@](C)(CO)[C@H](O)CC[C@@]2(C)[C@@H]1/C=C/C1=CC(=C/C=C/c2ccccc2)/OC1=O,446.58700000000016,5.365100000000006,2,4,4.236572006437063
CHEMBL377520,IC50,nM,16000.0,IC50,uM,16.0,C=C1CC[C@@H]2[C@](C)(CO)[C@H](O)CC[C@@]2(C)[C@@H]1/C=C/C1=CC(=C/c2ccc(OC)cc2)/OC1=O,450.5750000000002,4.817500000000004,2,5,4.795880017344075
CHEMBL206309,IC50,nM,110000.0,IC50,uM,110.0,C=C1CC[C@@H]2[C@](C)(CO)[C@H](O)CC[C@@]2(C)[C@@H]1/C=C/C1=CC(=C/CCC)/OC1=O,386.5320000000002,4.451800000000004,2,4,3.958607314841775
CHEMBL379280,IC50,nM,100000.0,IC50,uM,100.0,C=C1CC[C@@H]2[C@]3(C)COC(c4cccc(Br)c4)O[C@@H]3CC[C@@]2(C)[C@@H]1C/C=C1/C(=O)OC[C@H]1O,517.4600000000004,5.486100000000007,1,5,4.0
CHEMBL241374,IC50,nM,100000.0,IC50,uM,100.0,C=C1CC[C@@H]2[C@](C)(CO)[C@H](O)CC[C@@]2(C)[C@@H]1/C=C/C1=CC(=C/c2ccco2)/OC1=O,410.51000000000016,4.401900000000004,2,5,4.0
CHEMBL238604,IC50,nM,84000.0,IC50,uM,84.0,C=C1CC[C@@H]2[C@](C)(CO)[C@H](O)CC[C@@]2(C)[C@@H]1/C=C/C1=CC(=C/c2cc(OC)c(OC)cc2OC)/OC1=O,510.62700000000035,4.834700000000005,2,7,4.075720713938118
CHEMBL398800,IC50,nM,82000.0,IC50,uM,82.0,C=C1CC[C@@H]2[C@](C)(CO)[C@H](O)CC[C@@]2(C)[C@@H]1/C=C/C1=CC(=C/c2ccc3c(c2)OCO3)/OC1=O,464.5580000000003,4.537600000000004,2,6,4.086186147616283
CHEMBL377520,IC50,nM,16000.0,IC50,uM,16.0,C=C1CC[C@@H]2[C@](C)(CO)[C@H](O)CC[C@@]2(C)[C@@H]1/C=C/C1=CC(=C/c2ccc(OC)cc2)/OC1=O,450.5750000000002,4.817500000000004,2,5,4.795880017344075
CHEMBL241165,IC50,nM,70000.0,IC50,uM,70.0,C=C1CC[C@@H]2[C@](C)(CO)[C@H](O)CC[C@@]2(C)[C@@H]1/C=C/C1=CC(=C/c2ccc(N(C)C)cc2)/OC1=O,463.6180000000002,4.874900000000005,2,5,4.154901959985743
CHEMBL394049,IC50,nM,11000.0,IC50,uM,11.0,C=C1CC[C@@H]2[C@](C)(COC(=O)c3cccnc3)[C@H](OC(=O)c3cccnc3)CC[C@@]2(C)[C@@H]1/C=C/C1=CC(=C\c2ccc(OC)cc2)/OC1=O,660.7670000000003,7.336900000000009,0,9,4.958607314841775
CHEMBL240080,IC50,nM,36000.0,IC50,uM,36.0,C=C1CC[C@@H]2[C@](C)(COC(=O)c3cccnc3)[C@H](OC(=O)c3cccnc3)CC[C@@]2(C)[C@@H]1/C=C/C1=CC(=C/c2ccco2)/OC1=O,620.7020000000003,6.921300000000008,0,9,4.443697499232712
CHEMBL437564,IC50,nM,25000.0,IC50,uM,25.0,C=C1CC[C@@H]2[C@](C)(COC(=O)c3cccnc3)[C@H](OC(=O)c3cccnc3)CC[C@@]2(C)[C@@H]1/C=C/C1=CC(=C\c2ccc(N(C)C)cc2)/OC1=O,673.8100000000002,7.394300000000009,0,9,4.6020599913279625
CHEMBL396679,IC50,nM,14000.0,IC50,uM,14.0,C=C1CC[C@@H]2[C@](C)(COC(=O)c3cccnc3)[C@H](OC(=O)c3cccnc3)CC[C@@]2(C)[C@@H]1/C=C/C1=CC(=C\c2cccc(Br)c2)/OC1=O,709.6370000000003,8.090800000000007,0,8,4.853871964321762
CHEMBL394682,IC50,nM,6000.0,IC50,uM,6.0,C=C1CC[C@@H]2[C@](C)(COC(=O)c3cccnc3)[C@H](OC(=O)c3cccnc3)CC[C@@]2(C)[C@@H]1/C=C/C1=CC(=C\c2ccc(Cl)cc2)/OC1=O,665.1860000000003,7.981700000000008,0,8,5.221848749616356
CHEMBL396678,IC50,nM,16000.0,IC50,uM,16.0,C=C1CC[C@@H]2[C@](C)(COC(=O)c3cccnc3)[C@H](OC(=O)c3cccnc3)CC[C@@]2(C)[C@@H]1/C=C/C1=CC(=C\c2ccccc2)/OC1=O,630.7410000000003,7.3283000000000085,0,8,4.795880017344075
CHEMBL396677,IC50,nM,28000.0,IC50,uM,28.0,C=C1CC[C@@H]2[C@](C)(COC(=O)c3cccnc3)[C@H](OC(=O)c3cccnc3)CC[C@@]2(C)[C@@H]1/C=C/C1=CC(=C\C(C)=C\CCC/C=C/C)/OC1=O,676.854,8.863800000000003,0,8,4.552841968657781
CHEMBL238603,IC50,nM,58000.0,IC50,uM,58.0,C=C1CC[C@@H]2[C@](C)(CO)[C@H](O)CC[C@@]2(C)[C@@H]1/C=C/C1=CC(=C/c2ccccc2)/OC1=O,420.54900000000015,4.808900000000005,2,4,4.236572006437063
CHEMBL307429,IC50,nM,2000.0,IC50,uM,2.0,OC[C@H]1NC[C@H](O)[C@@H](O)[C@@H]1O,163.173,-2.9667999999999988,5,5,5.698970004336019
CHEMBL1561,IC50,nM,6000.0,IC50,uM,6.0,OCCN1C[C@H](O)[C@@H](O)[C@H](O)[C@H]1CO,207.226,-3.262099999999999,5,6,5.221848749616356
CHEMBL1029,IC50,nM,9000.0,IC50,uM,9.0,CCCCN1C[C@H](O)[C@@H](O)[C@H](O)[C@H]1CO,219.28099999999998,-1.4542999999999995,4,5,5.045757490560675
CHEMBL574645,IC50,nM,4000.0,IC50,uM,4.0,OC[C@@H]1[C@@H](O)[C@H](O)[C@@H](O)CN1CCCCCOCC12CC3CC(CC(C3)C1)C2,397.55600000000027,1.148899999999999,4,6,5.3979400086720375
CHEMBL175901,IC50,nM,1000000.0,IC50,uM,1000.0,OC[C@@H]1NC[C@H](O)[C@@H](O)[C@@H]1O,163.173,-2.9667999999999988,5,5,3.0
CHEMBL1076754,IC50,nM,1000000.0,IC50,uM,1000.0,CCCCN1C[C@H](O)[C@@H](O)[C@H](O)[C@@H]1CO,219.28099999999998,-1.4542999999999995,4,5,3.0
CHEMBL1086996,IC50,nM,1000000.0,IC50,uM,1000.0,OC[C@H]1[C@@H](O)[C@H](O)[C@@H](O)CN1CCCCCOCC12CC3CC(CC(C3)C1)C2,397.55600000000027,1.148899999999999,4,6,3.0
CHEMBL110458,IC50,nM,1500.0,IC50,uM,1.5,OC[C@H]1NC[C@H](O)[C@@H](O)[C@H]1O,163.173,-2.9667999999999988,5,5,5.823908740944319
CHEMBL1086997,IC50,nM,10000.0,IC50,uM,10.0,CCCCN1C[C@H](O)[C@@H](O)[C@@H](O)[C@H]1CO,219.28099999999998,-1.4542999999999995,4,5,5.0
CHEMBL1088158,IC50,nM,15000.0,IC50,uM,15.0,OC[C@@H]1[C@H](O)[C@H](O)[C@@H](O)CN1CCCCCOCC12CC3CC(CC(C3)C1)C2,397.55600000000027,1.148899999999999,4,6,4.823908740944319
CHEMBL179409,IC50,nM,1000000.0,IC50,uM,1000.0,OC[C@@H]1NC[C@H](O)[C@@H](O)[C@H]1O,163.173,-2.9667999999999988,5,5,3.0
CHEMBL1088291,IC50,nM,1000000.0,IC50,uM,1000.0,CCCCN1C[C@H](O)[C@@H](O)[C@@H](O)[C@@H]1CO,219.28099999999998,-1.4542999999999995,4,5,3.0
CHEMBL1088292,IC50,nM,1000000.0,IC50,uM,1000.0,OC[C@H]1[C@H](O)[C@H](O)[C@@H](O)CN1CCCCCOCC12CC3CC(CC(C3)C1)C2,397.55600000000027,1.148899999999999,4,6,3.0
CHEMBL1089559,Ki,nM,200.0,Ki,uM,0.2,O=S(=O)([O-])O[C@@H]([C@H](O)[C@H](O)[C@H](O)CO)[C@H](O)C[S+]1C[C@@H](O)[C@H](O)[C@H]1CO,424.44600000000014,-6.017699999999992,8,12,6.698970004336019
CHEMBL1093264,Ki,nM,190.0,Ki,uM,0.19,O=S(=O)([O-])O[C@@H]([C@H](O)[C@H](O)[C@@H](O)CO)[C@H](O)C[S+]1C[C@@H](O)[C@H](O)[C@H]1CO,424.44600000000014,-6.017699999999992,8,12,6.721246399047171
CHEMBL1093524,Ki,nM,100.0,Ki,uM,0.1,O=S(=O)([O-])O[C@@H]([C@H](O)[C@@H](O)[C@@H](O)CO)[C@H](O)C[S+]1C[C@@H](O)[C@H](O)[C@H]1CO,424.44600000000014,-6.017699999999992,8,12,7.0
CHEMBL1093525,Ki,nM,130.0,Ki,uM,0.13,O=S(=O)([O-])O[C@@H]([C@H](O)[C@@H](O)[C@H](O)CO)[C@H](O)C[S+]1C[C@@H](O)[C@H](O)[C@H]1CO,424.44600000000014,-6.017699999999992,8,12,6.886056647693163
CHEMBL1258528,Ki,nM,170.0,Ki,uM,0.17,O=S(=O)([O-])O[C@@H]([C@H](O)[C@@H](O)CO)[C@H](O)C[S@+]1C[C@@H](O)[C@H](O)[C@H]1CO,394.4200000000001,-5.378599999999993,7,11,6.769551078621726
CHEMBL1258529,Ki,nM,43.0,Ki,uM,0.043,OC[C@@H]1[C@@H](O)[C@H](O)C[S@@+]1C[C@@H](O)[C@@H](O)[C@H](O)[C@@H](O)CO.[Cl-],350.817,-7.859099999999992,8,8,7.366531544420414
CHEMBL1258643,Ki,nM,15.0,Ki,uM,0.015,OC[C@@H](O)[C@@H](O)[C@H](O)[C@H](O)C[S@+]1C[C@@H](O)[C@H](O)[C@H]1CO.[Cl-],350.817,-7.859099999999996,8,8,7.823908740944319
CHEMBL1258644,Ki,nM,500.0,Ki,uM,0.5,CO[C@@H]([C@H](O)[C@@H](O)CO)[C@H](O)C[S@+]1C[C@@H](O)[C@H](O)[C@H]1CO.[Cl-],364.84400000000005,-7.204999999999993,7,8,6.301029995663981
CHEMBL1093264,Ki,nM,190.0,Ki,uM,0.19,O=S(=O)([O-])O[C@@H]([C@H](O)[C@H](O)[C@@H](O)CO)[C@H](O)C[S+]1C[C@@H](O)[C@H](O)[C@H]1CO,424.44600000000014,-6.017699999999992,8,12,6.721246399047171
CHEMBL1561,Ki,nM,1000.0,Ki,uM,1.0,OCCN1C[C@H](O)[C@@H](O)[C@H](O)[C@H]1CO,207.226,-3.262099999999999,5,6,6.0
CHEMBL1276973,Ki,nM,30.0,Ki,uM,0.03,OC[C@@H]1[C@@H](O)[C@H](O)C[S+]1C[C@@H](O)[C@@H](O)[C@H](O)[C@H](O)[C@@H](O)CO.[Cl-],380.8430000000001,-8.4982,9,9,7.522878745280337
CHEMBL1208974,Ki,nM,1000.0,Ki,uM,1.0,O=S(=O)([O-])O[C@@H](CO)[C@H](O)C[S@+]1C[C@@H](O)[C@H](O)[C@H]1CO,334.36800000000005,-4.100399999999994,5,9,6.0
CHEMBL1277062,Ki,nM,2300.0,Ki,uM,2.3,O=S(=O)(O)O[C@@H]([C@H](O)[C@H](O)[C@@H](O)CO)[C@H](O)CN1C[C@H](O)[C@@H](O)[C@H](O)[C@H]1CO,437.4200000000002,-6.630499999999991,10,13,5.638272163982407
CHEMBL1277063,Ki,nM,1400.0,Ki,uM,1.4,Cl.OC[C@@H]1[C@@H](O)[C@H](O)[C@@H](O)CN1C[C@@H](O)[C@@H](O)[C@H](O)[C@H](O)[C@@H](O)CO,393.81700000000006,-6.03579999999999,10,11,5.853871964321762
CHEMBL1277152,Ki,nM,90000.0,Ki,uM,90.0,O=S(=O)(O)O[C@@H]([C@H](O)[C@H](O)[C@@H](O)CO)[C@H](O)CN1C[C@@H](O)[C@H](O)[C@H]1CO,407.3940000000002,-5.991399999999992,9,12,4.045757490560675
CHEMBL1277153,Ki,nM,80.0,Ki,uM,0.08,O=S(=O)([O-])O[C@@H]([C@H](O)[C@H](O)[C@@H](O)CO)[C@H](O)C[Se+]1C[C@@H](O)[C@H](O)[C@H]1CO,471.3390000000001,-5.139599999999993,8,12,7.096910013008056
CHEMBL1277240,Ki,nM,60.0,Ki,uM,0.06,Cl.OC[C@@H]1[C@@H](O)[C@H](O)CN1C[C@@H](O)[C@@H](O)[C@H](O)[C@H](O)[C@@H](O)CO,363.79100000000005,-5.396699999999991,9,10,7.221848749616356
CHEMBL1277241,Ki,nM,20.0,Ki,uM,0.02,OC[C@@H]1[C@@H](O)[C@H](O)C[Se+]1C[C@@H](O)[C@@H](O)[C@H](O)[C@H](O)[C@@H](O)CO.[Cl-],427.7360000000001,-7.620099999999992,9,9,7.698970004336019
CHEMBL1258644,Ki,nM,500.0,Ki,uM,0.5,CO[C@@H]([C@H](O)[C@@H](O)CO)[C@H](O)C[S@+]1C[C@@H](O)[C@H](O)[C@H]1CO.[Cl-],364.84400000000005,-7.204999999999993,7,8,6.301029995663981
CHEMBL1258644,Ki,nM,500.0,Ki,uM,0.5,CO[C@@H]([C@H](O)[C@@H](O)CO)[C@H](O)C[S@+]1C[C@@H](O)[C@H](O)[C@H]1CO.[Cl-],364.84400000000005,-7.204999999999993,7,8,6.301029995663981
CHEMBL1258529,Ki,nM,43.0,Ki,uM,0.043,OC[C@@H]1[C@@H](O)[C@H](O)C[S@@+]1C[C@@H](O)[C@@H](O)[C@H](O)[C@@H](O)CO.[Cl-],350.817,-7.859099999999992,8,8,7.366531544420414
CHEMBL574645,IC50,nM,3000.0,IC50,uM,3.0,OC[C@@H]1[C@@H](O)[C@H](O)[C@@H](O)CN1CCCCCOCC12CC3CC(CC(C3)C1)C2,397.55600000000027,1.148899999999999,4,6,5.522878745280337
CHEMBL1086996,IC50,nM,500000.0,IC50,uM,500.0,OC[C@H]1[C@@H](O)[C@H](O)[C@@H](O)CN1CCCCCOCC12CC3CC(CC(C3)C1)C2,397.55600000000027,1.148899999999999,4,6,3.3010299956639813
CHEMBL3354025,IC50,nM,2000.0,IC50,uM,2.0,OC[C@@H]1[C@@H](O)[C@H](O)[C@@H](O)CN1CCCCCOCc1ccc(-c2ccccc2)cc1,415.5300000000001,1.799699999999999,4,6,5.698970004336019
CHEMBL3354038,IC50,nM,100000.0,IC50,uM,100.0,OC[C@H]1[C@@H](O)[C@H](O)[C@@H](O)CN1CCCCCOCc1ccc(-c2ccccc2)cc1,415.5300000000001,1.799699999999999,4,6,4.0
CHEMBL3354062,IC50,nM,1500.0,IC50,uM,1.5,OC[C@@H]1[C@@H](O)[C@H](O)[C@@H](O)CN1CCCCCOCc1ccccc1-c1ccccc1,415.5300000000001,1.7996999999999994,4,6,5.823908740944319
CHEMBL3354063,IC50,nM,1500.0,IC50,uM,1.5,OC[C@@H]1[C@@H](O)[C@H](O)[C@@H](O)CN1CCCCCOCc1cccc(-c2ccccc2)c1,415.5300000000001,1.7996999999999992,4,6,5.823908740944319
CHEMBL3354620,IC50,nM,100000.0,IC50,uM,100.0,OC[C@@H]1[C@@H](O)[C@H](O)[C@@H](O)CN1CC(F)(F)CCCOCc1ccc(-c2ccccc2)cc1,451.51000000000016,2.0448999999999993,4,6,4.0
CHEMBL3354621,IC50,nM,9000.0,IC50,uM,9.0,OC[C@@H]1[C@@H](O)[C@H](O)[C@@H](O)CN1CCCC(F)(F)COCc1ccc(-c2ccccc2)cc1,451.51000000000016,2.0448999999999993,4,6,5.045757490560675
CHEMBL3354622,IC50,nM,2500.0,IC50,uM,2.5,C[C@H](OCCCCCN1C[C@H](O)[C@@H](O)[C@H](O)[C@H]1CO)c1ccc(-c2ccccc2)cc1,429.5570000000002,2.3607000000000005,4,6,5.6020599913279625
CHEMBL3354623,IC50,nM,4000.0,IC50,uM,4.0,C[C@@H](OCCCCCN1C[C@H](O)[C@@H](O)[C@H](O)[C@H]1CO)c1ccc(-c2ccccc2)cc1,429.5570000000002,2.3607000000000005,4,6,5.3979400086720375
CHEMBL3354624,IC50,nM,2500.0,IC50,uM,2.5,OC[C@@H]1[C@@H](O)[C@H](O)[C@@H](O)CN1CCCCCOCc1ccc(-c2ccccc2)cc1F,433.5200000000001,1.9387999999999992,4,6,5.6020599913279625
CHEMBL3354625,IC50,nM,3000.0,IC50,uM,3.0,OC[C@@H]1[C@@H](O)[C@H](O)[C@@H](O)CN1CCCCCOCc1ccc(-c2ccccc2)c(F)c1,433.5200000000001,1.9387999999999992,4,6,5.522878745280337
CHEMBL3354626,IC50,nM,8000.0,IC50,uM,8.0,OC[C@@H]1[C@@H](O)[C@H](O)[C@@H](O)CN1CCCCCOCc1ccc(-c2ccccc2)cc1C(F)(F)F,483.5270000000001,2.8185000000000002,4,6,5.096910013008056
CHEMBL3354627,IC50,nM,7000.0,IC50,uM,7.0,OC[C@@H]1[C@@H](O)[C@H](O)[C@@H](O)CN1CCCCCOCc1ccc(-c2ccccc2)c(C(F)(F)F)c1,483.5270000000001,2.8185000000000002,4,6,5.154901959985743
CHEMBL3354628,IC50,nM,100000.0,IC50,uM,100.0,C[C@H](OCCCCCN1C[C@H](O)[C@@H](O)[C@H](O)[C@@H]1CO)c1ccc(-c2ccccc2)cc1,429.5570000000002,2.3607000000000005,4,6,4.0
CHEMBL3354629,IC50,nM,100000.0,IC50,uM,100.0,C[C@@H](OCCCCCN1C[C@H](O)[C@@H](O)[C@H](O)[C@@H]1CO)c1ccc(-c2ccccc2)cc1,429.5570000000002,2.3607000000000005,4,6,4.0
CHEMBL3354630,IC50,nM,100000.0,IC50,uM,100.0,OC[C@H]1[C@@H](O)[C@H](O)[C@@H](O)CN1CCCCCOCc1ccccc1-c1ccccc1,415.5300000000001,1.7996999999999994,4,6,4.0
CHEMBL3354631,IC50,nM,100000.0,IC50,uM,100.0,OC[C@H]1[C@@H](O)[C@H](O)[C@@H](O)CN1CCCCCOCc1cccc(-c2ccccc2)c1,415.5300000000001,1.7996999999999992,4,6,4.0
CHEMBL3354632,IC50,nM,100000.0,IC50,uM,100.0,OC[C@H]1[C@@H](O)[C@H](O)[C@@H](O)CN1CC(F)(F)CCCOCc1ccc(-c2ccccc2)cc1,451.51000000000016,2.0448999999999993,4,6,4.0
CHEMBL3354633,IC50,nM,100000.0,IC50,uM,100.0,OC[C@H]1[C@@H](O)[C@H](O)[C@@H](O)CN1CCCC(F)(F)COCc1ccc(-c2ccccc2)cc1,451.51000000000016,2.0448999999999993,4,6,4.0
CHEMBL3354634,IC50,nM,100000.0,IC50,uM,100.0,OC[C@H]1[C@@H](O)[C@H](O)[C@@H](O)CN1CCCCCOCc1ccc(-c2ccccc2)cc1C(F)(F)F,483.5270000000001,2.8185000000000002,4,6,4.0
CHEMBL3354635,IC50,nM,100000.0,IC50,uM,100.0,OC[C@H]1[C@@H](O)[C@H](O)[C@@H](O)CN1CCCCCOCc1ccc(-c2ccccc2)c(C(F)(F)F)c1,483.5270000000001,2.8185000000000002,4,6,4.0
CHEMBL3354636,IC50,nM,100000.0,IC50,uM,100.0,OC[C@H]1[C@@H](O)[C@H](O)[C@@H](O)CN1CCCCCOCc1ccc(-c2ccccc2)cc1F,433.5200000000001,1.9387999999999992,4,6,4.0
CHEMBL3354637,IC50,nM,100000.0,IC50,uM,100.0,OC[C@H]1[C@@H](O)[C@H](O)[C@@H](O)CN1CCCCCOCc1ccc(-c2ccccc2)c(F)c1,433.5200000000001,1.9387999999999992,4,6,4.0
CHEMBL3407617,IC50,nM,6500.0,IC50,uM,6.5,COc1ccc(O)c(/C=N/NC(=O)c2ccc(-c3nc4ccccc4s3)cc2)c1,403.4630000000001,4.4414000000000025,2,6,5.187086643357144
CHEMBL3407618,IC50,nM,10230.0,IC50,uM,10.23,O=C(N/N=C\c1ccccn1)c1ccc(-c2nc3ccccc3s2)cc1,358.42600000000004,4.122200000000003,1,5,4.99012436628784
CHEMBL3407620,IC50,nM,11290.0,IC50,uM,11.29,O=C(N/N=C/c1ccc(O)cc1)c1ccc(-c2nc3ccccc3s2)cc1,373.437,4.432800000000002,2,5,4.947306058075032
CHEMBL3407621,IC50,nM,8480.0,IC50,uM,8.48,O=C(N/N=C/c1cccs1)c1ccc(-c2nc3ccccc3s2)cc1,363.467,4.788700000000002,1,5,5.071604147743286
CHEMBL3407622,IC50,nM,11220.0,IC50,uM,11.22,O=C(N/N=C/c1cccc(O)c1O)c1ccc(-c2nc3ccccc3s2)cc1,389.43600000000004,4.1384000000000025,3,6,4.950007143079858
CHEMBL3407623,IC50,nM,6970.0,IC50,uM,6.97,COc1ccc(/C=N/NC(=O)c2ccc(-c3nc4ccccc4s3)cc2)c(O)c1,403.4630000000001,4.441400000000003,2,6,5.15676722190199
CHEMBL3407624,IC50,nM,5550.0,IC50,uM,5.55,O=C(N/N=C/c1ccccc1O)c1ccc(-c2nc3ccccc3s2)cc1,373.437,4.432800000000002,2,5,5.255707016877324
CHEMBL3407625,IC50,nM,12750.0,IC50,uM,12.75,O=C(N/N=C\c1ccco1)c1ccc(-c2nc3ccccc3s2)cc1,347.399,4.3202000000000025,1,5,4.894489815230026
CHEMBL3407626,IC50,nM,15090.0,IC50,uM,15.09,O=C(N/N=C/c1ccc(O)c(O)c1)c1ccc(-c2nc3ccccc3s2)cc1,389.43600000000004,4.1384000000000025,3,6,4.82131076022441
CHEMBL3407627,IC50,nM,5580.0,IC50,uM,5.58,O=C(N/N=C/c1ccc(O)cc1O)c1ccc(-c2nc3ccccc3s2)cc1,389.43600000000004,4.138400000000002,3,6,5.253365801062421
CHEMBL3407630,IC50,nM,26380.0,IC50,uM,26.38,O=C(N/N=C/c1ccc([N+](=O)[O-])cc1)c1ccc(-c2nc3ccccc3s2)cc1,402.43500000000006,4.635400000000002,1,6,4.5787252087896535
CHEMBL404271,IC50,nM,906000.0,IC50,uM,906.0,C[C@H]1O[C@H](O[C@H]2[C@H](O)[C@@H](O)[C@@H](O[C@H]3[C@H](O)[C@@H](O)C(O)O[C@@H]3CO)O[C@@H]2CO)[C@H](O)[C@@H](O)[C@@H]1N[C@H]1C=C(CO)[C@@H](O)[C@H](O)[C@H]1O,645.6080000000004,-8.564500000000011,14,19,3.042871802323187
CHEMBL3407632,IC50,nM,7120.0,IC50,uM,7.12,O=C(N/N=C/c1ccc(F)cc1)c1ccc(-c2nc3ccccc3s2)cc1,375.428,4.8663000000000025,1,4,5.147520006363144
CHEMBL3407633,IC50,nM,16170.0,IC50,uM,16.17,COc1cc(/C=N/NC(=O)c2ccc(-c3nc4ccccc4s3)cc2)cc(OC)c1,417.4900000000001,4.744400000000004,1,6,4.791289980093599
CHEMBL3407634,IC50,nM,8050.0,IC50,uM,8.05,O=C(N/N=C/c1ccccc1)c1ccc(-c2nc3ccccc3s2)cc1,357.43800000000005,4.7272000000000025,1,4,5.094204119632131
CHEMBL3407635,IC50,nM,28020.0,IC50,uM,28.02,O=C(N/N=C/c1ccc(F)c(Br)c1)c1ccc(-c2nc3ccccc3s2)cc1,454.3240000000001,5.628800000000004,1,4,4.552531869050244
CHEMBL3407636,IC50,nM,18330.0,IC50,uM,18.33,COc1ccc(/C=N/NC(=O)c2ccc(-c3nc4ccccc4s3)cc2)cc1,387.46400000000006,4.735800000000004,1,5,4.736837535037783
CHEMBL3407637,IC50,nM,8370.0,IC50,uM,8.37,O=C(N/N=C/c1c(O)cc(O)cc1O)c1ccc(-c2nc3ccccc3s2)cc1,405.43500000000006,3.8440000000000003,4,7,5.07727454200674
CHEMBL3407638,IC50,nM,8070.0,IC50,uM,8.07,O=C(N/N=C/c1ccc(O)c(Br)c1)c1ccc(-c2nc3ccccc3s2)cc1,452.3330000000001,5.195300000000003,2,5,5.09312646527793
CHEMBL3407639,IC50,nM,5310.0,IC50,uM,5.31,O=C(N/N=C/c1ccc(Cl)cc1)c1ccc(-c2nc3ccccc3s2)cc1,391.88300000000004,5.380600000000003,1,4,5.274905478918531
CHEMBL3407640,IC50,nM,11090.0,IC50,uM,11.09,COc1cccc(/C=N/NC(=O)c2ccc(-c3nc4ccccc4s3)cc2)c1,387.46400000000006,4.735800000000003,1,5,4.95506845385084
CHEMBL3407641,IC50,nM,9210.0,IC50,uM,9.21,O=C(N/N=C/c1cccc(O)c1)c1ccc(-c2nc3ccccc3s2)cc1,373.437,4.432800000000002,2,5,5.035740369803151
CHEMBL3407643,IC50,nM,53340.0,IC50,uM,53.34,COc1cc(/C=N/NC(=O)c2ccc(-c3nc4ccccc4s3)cc2)ccc1O,403.4630000000001,4.441400000000003,2,6,4.272946988646143
CHEMBL3407644,IC50,nM,44800.0,IC50,uM,44.8,COc1ccc(/C=N/NC(=O)c2ccc(-c3nc4ccccc4s3)cc2)c(I)c1O,529.3590000000002,5.046000000000003,2,6,4.3487219860018556
CHEMBL3407645,IC50,nM,11850.0,IC50,uM,11.85,O=C(N/N=C/c1cc(O)ccc1O)c1ccc(-c2nc3ccccc3s2)cc1,389.43600000000004,4.138400000000002,3,6,4.926281649653878
CHEMBL3407646,IC50,nM,11120.0,IC50,uM,11.12,O=C(N/N=C/c1cc(O)cc(O)c1)c1ccc(-c2nc3ccccc3s2)cc1,389.43600000000004,4.138400000000002,3,6,4.953895212753961
CHEMBL3814747,IC50,nM,2000.0,IC50,uM,2.0,CO[C@@H](CO)[C@H](O)C[S+]1C[C@@H](O)[C@H](O)[C@H]1CO.[Cl-],304.79200000000003,-5.926799999999994,5,6,5.698970004336019
CHEMBL3814838,IC50,nM,960.0,IC50,uM,0.96,CCO[C@@H](CO)[C@H](O)C[S+]1C[C@@H](O)[C@H](O)[C@H]1CO.[Cl-],318.8190000000001,-5.5366999999999935,5,6,6.017728766960431
CHEMBL3814555,IC50,nM,1500.0,IC50,uM,1.5,CCCCCO[C@@H](CO)[C@H](O)C[S+]1C[C@@H](O)[C@H](O)[C@H]1CO.[Cl-],360.9000000000001,-4.3663999999999925,5,6,5.823908740944319
CHEMBL3814911,IC50,nM,640.0,IC50,uM,0.64,CCCCCCCO[C@@H](CO)[C@H](O)C[S+]1C[C@@H](O)[C@H](O)[C@H]1CO.[Cl-],388.95400000000006,-3.586199999999996,5,6,6.1938200260161125
CHEMBL3814264,IC50,nM,1100.0,IC50,uM,1.1,CCCCCCCCCCCCCO[C@@H](CO)[C@H](O)C[S+]1C[C@@H](O)[C@H](O)[C@H]1CO.[Cl-],473.1160000000001,-1.245599999999996,5,6,5.958607314841775
CHEMBL3814988,IC50,nM,690.0,IC50,uM,0.69,CC(C)CO[C@@H](CO)[C@H](O)C[S+]1C[C@@H](O)[C@H](O)[C@H]1CO.[Cl-],346.87300000000005,-4.900599999999993,5,6,6.161150909262744
CHEMBL3815109,IC50,nM,470.0,IC50,uM,0.47,CC(C)(C)CO[C@@H](CO)[C@H](O)C[S+]1C[C@@H](O)[C@H](O)[C@H]1CO.[Cl-],360.9000000000001,-4.5104999999999915,5,6,6.327902142064283
CHEMBL3814496,IC50,nM,150.0,IC50,uM,0.15,O=[N+]([O-])c1ccccc1CO[C@@H](CO)[C@H](O)C[S+]1C[C@@H](O)[C@H](O)[C@H]1CO.[Cl-],425.88700000000006,-4.448199999999994,5,8,6.823908740944319
CHEMBL239249,IC50,nM,4900.0,IC50,uM,4.9,O=S(=O)([O-])O[C@@H](CO)[C@H](O)C[S+]1C[C@@H](O)[C@H](O)[C@H]1CO,334.36800000000005,-4.100399999999994,5,9,5.309803919971486
CHEMBL1182462,IC50,nM,9000.0,IC50,uM,9.0,OC[C@@H]1[C@@H](O)[C@H](O)C[S+]1C[C@@H](O)[C@@H](O)CO,255.31199999999998,-3.584899999999999,6,6,5.045757490560675
CHEMBL476960,IC50,nM,1300.0,IC50,uM,1.3,OCC(CO)N[C@H]1C[C@](O)(CO)[C@@H](O)[C@H](O)[C@H]1O,267.278,-4.492399999999994,8,8,5.886056647693163
CHEMBL4299399,IC50,nM,15200.0,IC50,uM,15.2,C[C@@H]1O[C@@H](O[C@@H]2[C@@H](O)[C@H](O)[C@H](O[C@H]3[C@H](O)[C@@H](O)C(O)O[C@@H]3CO)O[C@H]2CO)[C@@H](O)[C@H](O)[C@H]1N[C@H]1C=C(CO)[C@@H](O)[C@H](O)[C@H]1O,645.6080000000004,-8.564500000000011,14,19,4.818156412055227
CHEMBL1561,IC50,nM,3700.0,IC50,uM,3.7,OCCN1C[C@H](O)[C@@H](O)[C@H](O)[C@H]1CO,207.226,-3.262099999999999,5,6,5.431798275933005
CHEMBL1208974,Ki,nM,190.0,Ki,uM,0.19,O=S(=O)([O-])O[C@@H](CO)[C@H](O)C[S@+]1C[C@@H](O)[C@H](O)[C@H]1CO,334.36800000000005,-4.100399999999994,5,9,6.721246399047171
CHEMBL4754034,Ki,nM,32000.0,Ki,uM,32.0,CCCC[S@+]1C[C@@H](O)[C@H](O)[C@H]1CO.[Cl-],242.768,-3.494899999999998,3,3,4.494850021680094
CHEMBL4749306,Ki,nM,6000.0,Ki,uM,6.0,CCCCCCCCCCCCCC[S@+]1C[C@@H](O)[C@H](O)[C@H]1CO.[Cl-],383.038,0.40610000000000107,3,3,5.221848749616356
CHEMBL4750690,Ki,nM,51000.0,Ki,uM,51.0,CCCCCCCC[S@+]1C[C@@H](O)[C@H](O)[C@H]1CO.[Cl-],298.876,-1.9344999999999957,3,3,4.292429823902063
CHEMBL1208974,IC50,nM,4900.0,IC50,uM,4.9,O=S(=O)([O-])O[C@@H](CO)[C@H](O)C[S@+]1C[C@@H](O)[C@H](O)[C@H]1CO,334.36800000000005,-4.100399999999994,5,9,5.309803919971486
CHEMBL1684162,IC50,nM,9000.0,IC50,uM,9.0,[O-][C@@H](CO)[C@H](O)C[S@+]1C[C@@H](O)[C@H](O)[C@H]1CO,254.304,-4.2168999999999945,5,6,5.045757490560675
CHEMBL476960,IC50,nM,1300.0,IC50,uM,1.3,OCC(CO)N[C@H]1C[C@](O)(CO)[C@@H](O)[C@H](O)[C@H]1O,267.278,-4.492399999999994,8,8,5.886056647693163
CHEMBL404271,IC50,nM,15200.0,IC50,uM,15.2,C[C@H]1O[C@H](O[C@H]2[C@H](O)[C@@H](O)[C@@H](O[C@H]3[C@H](O)[C@@H](O)C(O)O[C@@H]3CO)O[C@@H]2CO)[C@H](O)[C@@H](O)[C@@H]1N[C@H]1C=C(CO)[C@@H](O)[C@H](O)[C@H]1O,645.6080000000004,-8.564500000000011,14,19,4.818156412055227
CHEMBL1561,IC50,nM,3700.0,IC50,uM,3.7,OCCN1C[C@H](O)[C@@H](O)[C@H](O)[C@H]1CO,207.226,-3.262099999999999,5,6,5.431798275933005
CHEMBL4757019,IC50,nM,4800.0,IC50,uM,4.8,CCC[C@@H](O)[C@H](OS(=O)(=O)[O-])[C@H](O)C[S@+]1C[C@@H](O)[C@H](O)[C@H]1CO,376.44900000000007,-2.931699999999997,5,9,5.318758762624412
CHEMBL4744484,IC50,nM,1700.0,IC50,uM,1.7,CCCCCC[C@@H](O)[C@H](OS(=O)(=O)[O-])[C@H](O)C[S@+]1C[C@@H](O)[C@H](O)[C@H]1CO,418.53000000000014,-1.7613999999999972,5,9,5.769551078621726
CHEMBL4786471,IC50,nM,1200.0,IC50,uM,1.2,CCCCCCCC[C@@H](O)[C@H](OS(=O)(=O)[O-])[C@H](O)C[S@+]1C[C@@H](O)[C@H](O)[C@H]1CO,446.5840000000002,-0.9811999999999981,5,9,5.920818753952375
CHEMBL4779172,IC50,nM,1500.0,IC50,uM,1.5,CCCCCCCCCC[C@@H](O)[C@H](OS(=O)(=O)[O-])[C@H](O)C[S@+]1C[C@@H](O)[C@H](O)[C@H]1CO,474.6380000000002,-0.20099999999999846,5,9,5.823908740944319
CHEMBL4757822,IC50,nM,2000.0,IC50,uM,2.0,CCCCCCCC[C@@H](O)[C@H](O)[C@H](O)C[S@+]1C[C@@H](O)[C@H](O)[C@H]1CO.CS(=O)(=O)[O-],462.62700000000024,-1.3042999999999976,6,9,5.698970004336019
CHEMBL4757984,IC50,nM,5000.0,IC50,uM,5.0,CCC[C@@H](O)[C@H](O)[C@H](O)C[S@+]1C[C@@H](O)[C@H](O)[C@H]1CO.CS(=O)(=O)[O-],392.49200000000013,-3.2547999999999977,6,9,5.301029995663981
CHEMBL4760193,Ki,nM,4200.0,Ki,uM,4.2,C/C=C/Cc1cc(-c2oc3c(C(C)(C)CC)c(O)cc(O)c3c(=O)c2O)cc(O)c1O,426.46500000000015,4.794200000000006,5,7,5.376750709602099
CHEMBL457303,Ki,nM,2300.0,Ki,uM,2.3,CC(C)=CCc1cc(-c2oc3cc(O)c(CC=C(C)C)c(O)c3c(=O)c2O)cc(O)c1O,438.47600000000017,5.005400000000007,5,7,5.638272163982407
CHEMBL115452,Ki,nM,5300.0,Ki,uM,5.3,CC(C)=CCc1cc(C(=O)/C=C/c2ccc(O)c(O)c2)c(O)cc1O,340.37500000000006,3.913800000000004,4,5,5.275724130399211
CHEMBL454551,IC50,nM,6700.0,IC50,uM,6.7,COc1ccc([C@@H]2N[C@@H](CO)[C@H](O)[C@H]2O)cc1O,255.27,-0.8722000000000001,5,6,5.173925197299173
CHEMBL4783560,IC50,nM,9300.0,IC50,uM,9.3,OC[C@@H]1N[C@@H](c2ccc(O)cc2)[C@H](O)[C@H]1O,225.24400000000003,-0.8808000000000002,5,5,5.031517051446065
CHEMBL307429,IC50,nM,1400.0,IC50,uM,1.4,OC[C@H]1NC[C@H](O)[C@@H](O)[C@@H]1O,163.173,-2.9667999999999988,5,5,5.853871964321762
CHEMBL4856375,IC50,nM,1000.0,IC50,uM,1.0,C[C@]1(CO)NC[C@H](O)[C@@H](O)[C@@H]1O.Cl,213.66100000000003,-2.154899999999999,5,5,6.0
CHEMBL307429,IC50,nM,8030.0,IC50,uM,8.03,OC[C@H]1NC[C@H](O)[C@@H](O)[C@@H]1O,163.173,-2.9667999999999988,5,5,5.095284454721319
CHEMBL5083981,IC50,nM,40560.0,IC50,uM,40.56,COc1ccc(-c2oc3cc(OC)cc(OC)c3c(=O)c2OCCCCCN2C[C@H](O)[C@@H](O)[C@H](O)[C@H]2CO)cc1,559.6120000000004,1.7940999999999991,4,11,4.391902053674721
CHEMBL5076041,IC50,nM,1780.0,IC50,uM,1.78,COc1ccc(-c2oc3cc(OC)cc(OC)c3c(=O)c2OCCCCCCCCN2C[C@H](O)[C@@H](O)[C@H](O)[C@H]2CO)cc1,601.6930000000006,2.9644000000000004,4,11,5.749579997691106
CHEMBL5082173,IC50,nM,240.0,IC50,uM,0.24,COc1ccc(-c2oc3cc(OC)cc(OC)c3c(=O)c2OCCCCCCCCCCCN2C[C@H](O)[C@@H](O)[C@H](O)[C@H]2CO)cc1,643.7740000000008,4.134700000000003,4,11,6.619788758288394
CHEMBL5084733,IC50,nM,25000.0,IC50,uM,25.0,C=C1C(=O)O[C@@H]2/C=C(\C)[C@@H](O)C/C=C(\C)C[C@@H](OC(=O)/C(=C\C)COC(C)=O)[C@@H]12,404.4590000000002,2.5527000000000006,1,7,4.6020599913279625
CHEMBL5094636,IC50,nM,29000.0,IC50,uM,29.0,C=C1C(=O)O[C@@H]2/C=C(\C)CC/C=C(\C)C[C@@H](OC(=O)/C(=C\COC(C)=O)CO)[C@@H]12,404.4590000000002,2.5543000000000005,1,7,4.5376020021010435
CHEMBL5077500,IC50,nM,25000.0,IC50,uM,25.0,C=C1C(=O)O[C@@H]2/C=C(\C)CC/C=C(\CO)C[C@@H](OC(=O)/C(C)=C/C)[C@@H]12,346.42300000000006,3.0111000000000017,1,5,4.6020599913279625
CHEMBL5070918,IC50,nM,29000.0,IC50,uM,29.0,C=C1C(=O)O[C@@H]2/C=C(\C)CC/C=C(\C)C[C@@H](OC(=O)/C(=C\C)CO)[C@@H]12,346.42300000000006,3.0111000000000017,1,5,4.5376020021010435
CHEMBL521162,IC50,nM,28000.0,IC50,uM,28.0,C=C1C(=O)O[C@@H]2/C=C(\C)C[C@H](O)/C=C(\C)C[C@@H](OC(=O)/C(=C\C)CO)[C@@H]12,362.4220000000001,1.9818999999999998,2,6,4.552841968657781
CHEMBL5075131,IC50,nM,25000.0,IC50,uM,25.0,C=C1C(=O)O[C@@H]2/C=C(\C)C[C@H](O)/C=C(\C)C[C@@H](OC(=O)/C(=C\C)COC(C)=O)[C@@H]12,404.4590000000002,2.5527000000000006,1,7,4.6020599913279625
CHEMBL5079023,IC50,nM,28000.0,IC50,uM,28.0,C=C1C(=O)O[C@@H]2/C=C(\C)CC/C=C(\CC(=O)O)C[C@@H](OC(=O)/C(C)=C/C)[C@@H]12,374.43300000000005,3.493500000000002,1,5,4.552841968657781
CHEMBL5083965,IC50,nM,29000.0,IC50,uM,29.0,C=C1C(=O)O[C@@H]2/C=C(\C)CC/C=C(\C)C[C@@H](OC(=O)/C(=C/C)CO)[C@@H]12,346.42300000000006,3.0111000000000017,1,5,4.5376020021010435
CHEMBL5088957,IC50,nM,25000.0,IC50,uM,25.0,C=C1C(=O)O[C@@H]2/C=C(\C)CC/C=C(\C)C[C@@H](OC(=O)/C(=C/C)COC(C)=O)[C@@H]12,388.46000000000015,3.5819000000000027,0,6,4.6020599913279625
CHEMBL490011,IC50,nM,28000.0,IC50,uM,28.0,C=C1C(=O)O[C@@H]2/C=C(\C)CC/C=C(\C)C[C@@H](OC(=O)/C(=C/CO)CO)[C@@H]12,362.4220000000001,1.9834999999999996,2,6,4.552841968657781
CHEMBL50,IC50,nM,10800.0,IC50,uM,10.8,O=c1c(O)c(-c2ccc(O)c(O)c2)oc2cc(O)cc(O)c12,302.23800000000006,1.988,5,7,4.966576244513051
CHEMBL5201393,IC50,nM,10500.0,IC50,uM,10.5,CC(C)=CCc1cc(C[C@@]2(C(=O)O)OC(=O)C(OC(C)(C)[C@@H](O)Cc3cc(C[C@@]4(C(=O)O)OC(=O)C(O)=C4c4ccc(O)cc4)ccc3O)=C2c2ccc(O)cc2)ccc1O,836.8430000000004,5.642500000000009,8,13,4.978810700930062
CHEMBL5172902,IC50,nM,1410000.0,IC50,mM,1.41,COc1cc2c(c(O)c1CO)C(=O)OC[C@@H]2O,240.21099999999996,0.09689999999999999,3,6,2.85078088734462
CHEMBL5196850,IC50,nM,166090.0,IC50,uM,166.09,COc1ccc(C(=O)Nc2cccc(C(=O)/C=C3/Nc4ccccc4NC3=O)c2)cc1,413.4330000000001,4.078300000000001,3,5,3.779656514902953
CHEMBL5201575,IC50,nM,40090.0,IC50,uM,40.09,O=C(/C=C/c1ccccc1)/C=C1/Nc2ccccc2NC1=O,290.32200000000006,3.2170000000000005,2,3,4.396963943749478
CHEMBL4571630,IC50,nM,276270.0,IC50,uM,276.27,COc1ccc(C2SCC(=O)N2c2ccc3nc(Cc4ccc(O)cc4)c(=O)[nH]c3c2)cc1,459.52700000000016,4.006700000000002,2,6,3.5586662723105182
CHEMBL5187552,IC50,nM,301150.0,IC50,uM,301.15,CC(C)c1nc2ccc(N3C(=O)CSC3c3ccc([N+](=O)[O-])cc3)cc2[nH]c1=O,410.4550000000001,3.7333000000000025,1,6,3.5212171324934007
CHEMBL5203236,IC50,nM,9990.0,IC50,uM,9.99,O=c1[nH]c2ccccc2nc1N/N=C/c1cccs1,270.317,2.4306,2,5,5.000434511774017
CHEMBL5194852,IC50,nM,13930.0,IC50,uM,13.93,COc1cccc(/C=N/Nc2nc3ccccc3[nH]c2=O)c1,294.3140000000001,2.3777,2,5,4.856048883576037
CHEMBL5207115,IC50,nM,22990.0,IC50,uM,22.99,O=c1[nH]c2ccccc2n2c(-c3ccc([N+](=O)[O-])cc3[N+](=O)[O-])ccc12,350.2900000000001,3.2642000000000015,1,5,4.638461028730721
CHEMBL5200953,IC50,nM,12910.0,IC50,uM,12.91,O=c1[nH]c2ccccc2n2c(-c3ccc(O)cc3O)ccc12,292.294,2.859000000000001,3,3,4.88907375773358
CHEMBL5179709,IC50,nM,12980.0,IC50,uM,12.98,O=c1[nH]c2ccccc2n2c(-c3ccc(Cl)c(Cl)c3)ccc12,329.186,4.754600000000002,1,1,4.88672530753565
CHEMBL5173825,IC50,nM,83780.0,IC50,uM,83.78,Cc1ccc(NC(=O)Cn2c(=O)c(C)nc3ccccc32)c([N+](=O)[O-])c1,352.3500000000001,2.5602400000000003,1,5,4.0768596439747995
CHEMBL5209522,IC50,nM,25800.0,IC50,uM,25.8,C=CCc1cc(-c2cc(CC=C)c3oc(SCc4nnc(-c5ccccc5Br)o4)nc3c2)c2oc(SCc3nnc(-c4ccccc4Br)o3)nc2c1,854.6059999999998,11.302599999999982,0,12,4.58838029403677
CHEMBL5178321,IC50,nM,25000.0,IC50,uM,25.0,C=CCc1cc(-c2cc(CC=C)c3oc(SCc4nnc(-c5ccccc5C)o4)nc3c2)c2oc(SCc3nnc(-c4ccccc4C)o3)nc2c1,724.8679999999998,10.39443999999999,0,12,4.6020599913279625
CHEMBL5202537,IC50,nM,18900.0,IC50,uM,18.9,C=CCc1cc(-c2cc(CC=C)c3oc(SCc4nnc(-c5cccc(C)c5)o4)nc3c2)c2oc(SCc3nnc(-c4cccc(C)c4)o3)nc2c1,724.8679999999998,10.39443999999999,0,12,4.723538195826756
CHEMBL5186121,IC50,nM,24500.0,IC50,uM,24.5,C=CCc1cc(-c2cc(CC=C)c3oc(SCc4nnc(-c5cccc(OC)c5)o4)nc3c2)c2oc(SCc3nnc(-c4cccc(OC)c4)o3)nc2c1,756.8659999999999,9.794799999999995,0,14,4.610833915635467
CHEMBL5195148,IC50,nM,52900.0,IC50,uM,52.9,C=CCc1cc(CSc2nnc(-c3cccc(OC)c3)o2)c(O)c(-c2ccc(O)c(CC=C)c2)c1,486.59300000000025,6.5727000000000055,2,7,4.276544327964814
CHEMBL404271,IC50,nM,24400.0,IC50,uM,24.4,C[C@H]1O[C@H](O[C@H]2[C@H](O)[C@@H](O)[C@@H](O[C@H]3[C@H](O)[C@@H](O)C(O)O[C@@H]3CO)O[C@@H]2CO)[C@H](O)[C@@H](O)[C@@H]1N[C@H]1C=C(CO)[C@@H](O)[C@H](O)[C@H]1O,645.6080000000004,-8.564500000000011,14,19,4.61261017366127
CHEMBL5202537,Ki,nM,20800.0,Ki,uM,20.8,C=CCc1cc(-c2cc(CC=C)c3oc(SCc4nnc(-c5cccc(C)c5)o4)nc3c2)c2oc(SCc3nnc(-c4cccc(C)c4)o3)nc2c1,724.8679999999998,10.39443999999999,0,12,4.681936665037238
CHEMBL80254,IC50,nM,56000.0,IC50,uM,56.0,OC[C@H]1NC[C@@H](O)[C@@H]1O,133.147,-2.3276999999999988,4,4,4.251811972993799
CHEMBL3751947,IC50,nM,2700.0,IC50,uM,2.7,OC[C@@H]1NC[C@@H](O)[C@@H]1O,133.147,-2.3276999999999988,4,4,5.568636235841013
CHEMBL5175772,IC50,nM,890.0,IC50,uM,0.89,Cc1cc(O)c2c(c1)-c1c(-c3ccc(O)cc3)c(=O)oc3c1c-2c(O)c1cccc(O)c13,424.4080000000002,5.391420000000005,4,6,6.050609993355087
CHEMBL5194087,IC50,nM,1580.0,IC50,uM,1.58,Cc1cc(O)c2c(c1)-c1c(-c3c[nH]c4ccccc34)c(=O)oc3c1c-2c(O)c1cccc(O)c13,447.44600000000025,6.167120000000005,4,5,5.801342913045577
CHEMBL5175917,IC50,nM,15300.0,IC50,uM,15.3,CC/C=C\C/C=C\CCC(=O)O[C@@]12[C@H](OC(=O)[C@@H](C)CC)[C@@H](C)[C@@]3(O)[C@@H](C(=O)C(CO)=C[C@]4(O)C(=O)C(C)=C[C@@H]34)[C@@H]1C2(C)C,612.7600000000002,3.9497000000000027,3,9,4.815308569182401
CHEMBL5289805,IC50,nM,73800.0,IC50,uM,73.8,CC(C)=CCc1c(O)ccc2c1O/C(=C\c1ccc(O)cc1)C2=O,322.36,4.222700000000003,2,4,4.131943638176958
CHEMBL5274141,IC50,nM,62100.0,IC50,uM,62.1,CC(C)(O)[C@H]1Cc2ccc3c(c2C1)O/C(=C\c1ccc(O)c(O)c1)C3=O,352.3860000000001,3.1997000000000027,3,5,4.20690839982342
CHEMBL5281437,IC50,nM,87600.0,IC50,uM,87.6,COc1ccc(CNC(=O)c2c(NC(=O)c3cccnc3)sc3c2CCC3)cc1,407.4950000000002,3.822700000000002,2,5,4.057495893831919
CHEMBL5267745,IC50,nM,82500.0,IC50,uM,82.5,O=C(Nc1sc2c(c1C(=O)NCc1ccccc1)CCC2)c1cccnc1,377.46900000000016,3.8141000000000025,2,4,4.0835460514500745
CHEMBL5283691,IC50,nM,93600.0,IC50,uM,93.6,COc1cc(CNC(=O)c2c(NC(=O)c3cccnc3)sc3c2CCC3)ccc1O,423.49400000000026,3.528300000000002,3,6,4.028724151261895
CHEMBL5286422,IC50,nM,30200.0,IC50,uM,30.2,COc1ccc(CNC(=O)c2c(NC(=O)c3cccnc3)sc3c2CCCC3)cc1,421.5220000000002,4.212800000000002,2,5,4.519993057042849
CHEMBL5270418,IC50,nM,45300.0,IC50,uM,45.3,O=C(Nc1sc2c(c1C(=O)NCc1ccccc1)CCCC2)c1cccnc1,391.4960000000002,4.204200000000003,2,4,4.343901797987168
CHEMBL5285158,IC50,nM,64100.0,IC50,uM,64.1,O=C(Nc1sc2c(c1C(=O)NCc1ccccn1)CCCC2)c1cccnc1,392.4840000000002,3.5992000000000024,2,5,4.193141970481182
CHEMBL5271561,IC50,nM,507000.0,IC50,uM,507.0,O=C(Nc1sc2c(c1C(=O)NCc1cccnc1)CCCC2)c1cccnc1,392.4840000000002,3.5992000000000024,2,5,3.294992040666664
CHEMBL5273222,IC50,nM,9900.0,IC50,uM,9.9,COc1cc(CNC(=O)c2c(NC(=O)c3cccnc3)sc3c2CCCC3)ccc1O,437.5210000000003,3.918400000000003,3,6,5.00436480540245
CHEMBL5283357,IC50,nM,87800.0,IC50,uM,87.8,COC(=O)c1ccc(CNC(=O)c2c(NC(=O)c3cccnc3)sc3c2CCCC3)cc1,449.5320000000002,3.990800000000003,2,6,4.056505484093897
CHEMBL5268974,IC50,nM,63400.0,IC50,uM,63.4,O=C(Nc1sc2c(c1C(=O)NCc1ccccc1)CCCCC2)c1cccnc1,405.52300000000025,4.594300000000004,2,4,4.1979107421182675
CHEMBL5269761,IC50,nM,35400.0,IC50,uM,35.4,COc1cc(CNC(=O)c2c(NC(=O)c3cccnc3)sc3c2CCCCC3)ccc1O,451.54800000000034,4.308500000000004,3,6,4.450996737974212
CHEMBL404271,IC50,nM,258500.0,IC50,uM,258.5,C[C@H]1O[C@H](O[C@H]2[C@H](O)[C@@H](O)[C@@H](O[C@H]3[C@H](O)[C@@H](O)C(O)O[C@@H]3CO)O[C@@H]2CO)[C@H](O)[C@@H](O)[C@@H]1N[C@H]1C=C(CO)[C@@H](O)[C@H](O)[C@H]1O,645.6080000000004,-8.564500000000011,14,19,3.587539452570039
CHEMBL1561,IC50,nM,154300.0,IC50,uM,154.3,OCCN1C[C@H](O)[C@@H](O)[C@H](O)[C@H]1CO,207.226,-3.262099999999999,5,6,3.811634073936852
CHEMBL404271,IC50,nM,40730.0,IC50,uM,40.73,C[C@H]1O[C@H](O[C@H]2[C@H](O)[C@@H](O)[C@@H](O[C@H]3[C@H](O)[C@@H](O)C(O)O[C@@H]3CO)O[C@@H]2CO)[C@H](O)[C@@H](O)[C@@H]1N[C@H]1C=C(CO)[C@@H](O)[C@H](O)[C@H]1O,645.6080000000004,-8.564500000000011,14,19,4.390085589914002
CHEMBL5270854,IC50,nM,30450.0,IC50,uM,30.45,C=CCc1cc(-c2ccc(O)c(CC=C)c2)c(O)c(C(c2ccc(OC)cc2)N2CCCCC2)c1,469.6250000000003,6.805700000000008,2,4,4.516412703031106
CHEMBL5280017,IC50,nM,23510.0,IC50,uM,23.51,C=CCc1cc(-c2ccc(O)c(CC=C)c2)c(O)c(C(c2cc(Cl)cc(Cl)c2)N2CCCCC2)c1,508.4890000000003,8.103900000000007,2,3,4.628747370875061
CHEMBL5286499,IC50,nM,14940.0,IC50,uM,14.94,C=CCc1cc(-c2ccc(O)c(CC=C)c2)c(O)c(C(c2cc(Cl)cc(Cl)c2)N2CCC(C)CC2)c1,522.5160000000003,8.349900000000005,2,3,4.82564940252062
CHEMBL5273816,IC50,nM,13780.0,IC50,uM,13.78,C=CCc1cc(-c2ccc(O)c(CC=C)c2)c(O)c(C(c2cc(Cl)cc(Cl)c2)N2CCOCC2)c1,510.4610000000003,6.950200000000008,2,4,4.860750782428393
CHEMBL5269617,IC50,nM,18580.0,IC50,uM,18.58,C=CCc1cc(-c2cc(CC=C)c(O)c(C(c3ccc(Cl)cc3)N3CCOCC3)c2)c(O)c(C(c2ccc(Cl)cc2)N2CCOCC2)c1,685.692,8.37180000000001,2,6,4.730954290342377
CHEMBL5286499,Ki,nM,1700.0,Ki,uM,1.7,C=CCc1cc(-c2ccc(O)c(CC=C)c2)c(O)c(C(c2cc(Cl)cc(Cl)c2)N2CCC(C)CC2)c1,522.5160000000003,8.349900000000005,2,3,5.769551078621726
CHEMBL5273816,Ki,nM,3270.0,Ki,uM,3.27,C=CCc1cc(-c2ccc(O)c(CC=C)c2)c(O)c(C(c2cc(Cl)cc(Cl)c2)N2CCOCC2)c1,510.4610000000003,6.950200000000008,2,4,5.485452247339714
CHEMBL480722,IC50,nM,1080.0,IC50,uM,1.08,CC(C)=CCC/C(C)=C/Cc1c(O)cc(O)c(C(=O)/C=C/c2ccc(O)cc2)c1O,408.4940000000001,5.640300000000008,4,5,5.966576244513051
CHEMBL404271,IC50,nM,39600.0,IC50,uM,39.6,C[C@H]1O[C@H](O[C@H]2[C@H](O)[C@@H](O)[C@@H](O[C@H]3[C@H](O)[C@@H](O)C(O)O[C@@H]3CO)O[C@@H]2CO)[C@H](O)[C@@H](O)[C@@H]1N[C@H]1C=C(CO)[C@@H](O)[C@H](O)[C@H]1O,645.6080000000004,-8.564500000000011,14,19,4.402304814074488
CHEMBL4856778,IC50,nM,13000.0,IC50,uM,13.0,O=c1c2cc(O)c(O)cc2oc2cc(O)c([C@H]3O[C@@H](CO)[C@H](O)[C@@H](O)[C@@H]3O)c(O)c12,422.3420000000001,-0.7165000000000005,8,11,4.886056647693163
CHEMBL3093492,IC50,nM,65800.0,IC50,uM,65.8,COc1cc(O)c2c(=O)c3c(OC)c(OC)ccc3oc2c1OC,332.3080000000001,2.6862000000000004,1,7,4.181774106386045
CHEMBL5282121,IC50,nM,71200.0,IC50,uM,71.2,COc1ccc2oc3cc(O)cc(O)c3c(=O)c2c1O,274.228,2.071600000000001,3,6,4.147520006363144
CHEMBL3093478,IC50,nM,31800.0,IC50,uM,31.8,COc1cc(O)c2c(=O)c3cc(O)ccc3oc2c1,258.229,2.3659999999999997,2,5,4.497572880015567
CHEMBL361025,IC50,nM,31800.0,IC50,uM,31.8,O=c1c2cc(O)ccc2oc2cc(O)cc(O)c12,244.20199999999997,2.063,3,5,4.497572880015567
CHEMBL5287329,IC50,nM,18000.0,IC50,uM,18.0,COc1ccc2oc3cc(O)cc(O)c3c(=O)c2c1OC,288.25500000000005,2.3746,2,6,4.7447274948966935
CHEMBL5280310,IC50,nM,82200.0,IC50,uM,82.2,COc1cc(O)c2c(=O)c3c(O)ccc(O)c3oc2c1OC,304.2540000000001,2.0801999999999996,3,7,4.0851281824599495
CHEMBL5276460,IC50,nM,40100.0,IC50,uM,40.1,COc1cc(O)c2c(=O)c3c(OC)ccc(OC)c3oc2c1OC,332.3080000000001,2.6862000000000013,1,7,4.396855627379818
CHEMBL5290214,IC50,nM,75800.0,IC50,uM,75.8,COc1cc(O)c2c(=O)c3c(OC)ccc(OC)c3oc2c1,302.28200000000004,2.677600000000001,1,6,4.120330794367947
CHEMBL187043,IC50,nM,7090.0,IC50,uM,7.09,O=c1c2c(O)cc(O)cc2oc2ccc(O)c(O)c12,260.20099999999996,1.7686000000000002,4,6,5.149353764816933
CHEMBL5287286,IC50,nM,84500.0,IC50,uM,84.5,COc1cc(O[C@H]2O[C@@H](CO)[C@H](O)[C@H](O)[C@@H]2O)c2c(=O)c3ccc(O)c(OC)c3oc2c1,450.3960000000003,-0.15230000000000032,5,11,4.073143291050307
CHEMBL5289610,IC50,nM,500000.0,IC50,uM,500.0,COc1cc(O)c2c(=O)c3c(O)c(C4O[C@@H](O)[C@H](O)[C@H](O[C@@H]5O[C@@H](C)[C@@H](O)[C@@H](O)[C@@H]5O)[C@@H]4O[C@@H]4O[C@@H](C)[C@H](O)[C@@H](O)[C@H]4O)ccc3oc2c1,698.6270000000003,-2.4579999999999966,10,18,3.3010299956639813
CHEMBL5280602,IC50,nM,133700.0,IC50,uM,133.7,O=c1c2c(O[C@H]3O[C@@H](CO)[C@H](O)[C@H](O)[C@@H]3O)cc(O)cc2oc2ccc(O)c(O)c12,422.3420000000002,-0.7583000000000001,7,11,3.8738685927380154
CHEMBL5287620,IC50,nM,394900.0,IC50,uM,394.9,COc1cc(O)c2c(=O)c3c(O)c(O[C@H]4O[C@@H](CO)[C@H](O)[C@H](O)[C@@H]4O)ccc3oc2c1OC,466.39500000000015,-0.44670000000000076,6,12,3.4035128662634557
CHEMBL5266980,IC50,nM,115000.0,IC50,uM,115.0,COc1cc(O)c2c(=O)c3c(O)c(O[C@H]4O[C@@H](CO)[C@H](O)[C@H](O)[C@@H]4O)ccc3oc2c1,436.3690000000001,-0.4553000000000005,6,11,3.939302159646388
CHEMBL5279492,IC50,nM,83800.0,IC50,uM,83.8,COc1cc(O[C@H]2O[C@@H](CO)[C@H](O)[C@H](O)[C@@H]2O)c2c(=O)c3c(OC)c(OC)ccc3oc2c1,464.42300000000034,0.1506999999999994,4,11,4.076755981369724
CHEMBL5270478,IC50,nM,500000.0,IC50,uM,500.0,COc1cc(O)c2c(=O)c3c(OC)cc(O)cc3oc2c1OC,318.28100000000006,2.3831999999999995,2,7,3.3010299956639813
CHEMBL467590,IC50,nM,500000.0,IC50,uM,500.0,COc1cc(O)c2c(=O)c3c(OC)c(O)ccc3oc2c1,288.255,2.3746,2,6,3.3010299956639813
CHEMBL1709767,IC50,nM,5420.0,IC50,uM,5.42,COc1cc(O)c2c(=O)c3c(O)c(O)ccc3oc2c1OC,304.2540000000001,2.0801999999999996,3,7,5.266000713461613
CHEMBL3704820,IC50,nM,107800.0,IC50,uM,107.8,COc1cc(O)c2c(=O)c3c(O)c(OC)ccc3oc2c1,288.255,2.3746,2,6,3.96738123914928
CHEMBL26323,IC50,nM,142100.0,IC50,uM,142.1,COc1cc(O)c2c(=O)c3c(OC)c(OC)ccc3oc2c1,302.28200000000004,2.677600000000001,1,6,3.84740592207253
CHEMBL187044,IC50,nM,30600.0,IC50,uM,30.6,COc1cc(O)c2c(=O)c3c(O)c(O)ccc3oc2c1,274.228,2.0716,3,6,4.514278573518419
CHEMBL184574,IC50,nM,5300.0,IC50,uM,5.3,O=c1c2c(O)cc(O)cc2oc2c(O)ccc(O)c12,260.20099999999996,1.7685999999999997,4,6,5.275724130399211
CHEMBL3093493,IC50,nM,77400.0,IC50,uM,77.4,COc1cc(O)c2c(=O)c3c(OC)c(O)ccc3oc2c1OC,318.28100000000006,2.3831999999999995,2,7,4.111259039317107
CHEMBL2409395,IC50,nM,75800.0,IC50,uM,75.8,COc1cc(O)c2c(=O)c3c(O)c(O[C@@H]4O[C@H](CO)[C@@H](O)[C@H](O)[C@H]4O[C@@H]4O[C@@H](C)[C@H](O)[C@@H](O)[C@H]4O)ccc3oc2c1,582.5110000000001,-1.6034999999999995,8,15,4.120330794367947
CHEMBL512072,IC50,nM,500000.0,IC50,uM,500.0,O=c1c2c(O)cc(O)cc2oc2c(O)ccc(O[C@@H]3O[C@H](CO)[C@@H](O)[C@H](O)[C@H]3O)c12,422.3420000000001,-0.7583000000000004,7,11,3.3010299956639813
CHEMBL5271324,IC50,nM,31100.0,IC50,uM,31.1,COc1cc(O)c2c(=O)c3c(O)c(O[C@@H]4OC[C@@H](O)[C@H](O)[C@H]4O[C@@H]4O[C@@H](C)[C@H](O)[C@@H](O)[C@H]4O)ccc3oc2c1,552.4850000000001,-0.9643999999999999,7,14,4.507239610973162
CHEMBL5267559,IC50,nM,140400.0,IC50,uM,140.4,O=c1c2c(O)c(O)ccc2oc2cc(O)c(O[C@@H]3O[C@H](CO)[C@@H](O)[C@H](O)[C@H]3O)c(O)c12,438.3410000000001,-1.0527000000000006,8,12,3.8526328922062136
CHEMBL404271,IC50,nM,39800.0,IC50,uM,39.8,C[C@H]1O[C@H](O[C@H]2[C@H](O)[C@@H](O)[C@@H](O[C@H]3[C@H](O)[C@@H](O)C(O)O[C@@H]3CO)O[C@@H]2CO)[C@H](O)[C@@H](O)[C@@H]1N[C@H]1C=C(CO)[C@@H](O)[C@H](O)[C@H]1O,645.6080000000004,-8.564500000000011,14,19,4.400116927926312
CHEMBL4856778,IC50,nM,13300.0,IC50,uM,13.3,O=c1c2cc(O)c(O)cc2oc2cc(O)c([C@H]3O[C@@H](CO)[C@H](O)[C@@H](O)[C@@H]3O)c(O)c12,422.3420000000001,-0.7165000000000005,8,11,4.876148359032914
CHEMBL5282121,IC50,nM,71600.0,IC50,uM,71.6,COc1ccc2oc3cc(O)cc(O)c3c(=O)c2c1O,274.228,2.071600000000001,3,6,4.145086977692144
CHEMBL5287329,IC50,nM,18300.0,IC50,uM,18.3,COc1ccc2oc3cc(O)cc(O)c3c(=O)c2c1OC,288.25500000000005,2.3746,2,6,4.73754891026957
CHEMBL187043,IC50,nM,7300.0,IC50,uM,7.3,O=c1c2c(O)cc(O)cc2oc2ccc(O)c(O)c12,260.20099999999996,1.7686000000000002,4,6,5.136677139879544
CHEMBL5287286,IC50,nM,87600.0,IC50,uM,87.6,COc1cc(O[C@H]2O[C@@H](CO)[C@H](O)[C@H](O)[C@@H]2O)c2c(=O)c3ccc(O)c(OC)c3oc2c1,450.3960000000003,-0.15230000000000032,5,11,4.057495893831919
CHEMBL5287620,IC50,nM,134500.0,IC50,uM,134.5,COc1cc(O)c2c(=O)c3c(O)c(O[C@H]4O[C@@H](CO)[C@H](O)[C@H](O)[C@@H]4O)ccc3oc2c1OC,466.39500000000015,-0.44670000000000076,6,12,3.871277715661573
CHEMBL5266980,IC50,nM,395000.0,IC50,uM,395.0,COc1cc(O)c2c(=O)c3c(O)c(O[C@H]4O[C@@H](CO)[C@H](O)[C@H](O)[C@@H]4O)ccc3oc2c1,436.3690000000001,-0.4553000000000005,6,11,3.40340290437354
CHEMBL5290427,IC50,nM,114800.0,IC50,uM,114.8,COc1cc(O)c2c(=O)c3cc(O[C@H]4O[C@@H](CO)[C@H](O)[C@H](O)[C@@H]4O)ccc3oc2c1OC,450.39600000000013,-0.15230000000000032,5,11,3.940058111938045
CHEMBL5270478,IC50,nM,20200.0,IC50,uM,20.2,COc1cc(O)c2c(=O)c3c(OC)cc(O)cc3oc2c1OC,318.28100000000006,2.3831999999999995,2,7,4.694648630553377
CHEMBL3704820,IC50,nM,108200.0,IC50,uM,108.2,COc1cc(O)c2c(=O)c3c(O)c(OC)ccc3oc2c1,288.255,2.3746,2,6,3.9657727392294495
CHEMBL26323,IC50,nM,142200.0,IC50,uM,142.2,COc1cc(O)c2c(=O)c3c(OC)c(OC)ccc3oc2c1,302.28200000000004,2.677600000000001,1,6,3.8471004036062526
CHEMBL184574,IC50,nM,5200.0,IC50,uM,5.2,O=c1c2c(O)cc(O)cc2oc2c(O)ccc(O)c12,260.20099999999996,1.7685999999999997,4,6,5.2839966563652006
CHEMBL5271324,IC50,nM,31600.0,IC50,uM,31.6,COc1cc(O)c2c(=O)c3c(O)c(O[C@@H]4OC[C@@H](O)[C@H](O)[C@H]4O[C@@H]4O[C@@H](C)[C@H](O)[C@@H](O)[C@H]4O)ccc3oc2c1,552.4850000000001,-0.9643999999999999,7,14,4.500312917381596
CHEMBL219553,IC50,nM,103100.0,IC50,uM,103.1,COc1cc(O)cc(CCc2ccc(O)c(OC)c2)c1,274.316,2.9002000000000008,2,4,3.9867413347164833
CHEMBL450788,IC50,nM,148800.0,IC50,uM,148.8,COc1cc(O)cc(CCc2cccc(O)c2)c1,244.29,2.8916000000000013,2,3,3.82739706879014
CHEMBL5282250,IC50,nM,199500.0,IC50,uM,199.5,COc1ccc(CCc2cc(O)c(O)c(OC)c2)cc1,274.316,2.9002000000000017,2,4,3.700057099977233
CHEMBL5281130,IC50,nM,9460000.0,IC50,uM,9460.0,COc1cc([C@@H]2Oc3cc(CCc4ccc(O)cc4)cc(OC)c3O[C@H]2CO)cc(OC)c1O,468.50200000000024,3.7822000000000036,3,8,2.024108863598207
CHEMBL5266364,IC50,nM,213900.0,IC50,uM,213.9,COc1cc(CCc2cccc(O)c2)cc(O)c1O,260.289,2.5972000000000017,3,4,3.669789215428472
CHEMBL404271,IC50,nM,763500.0,IC50,uM,763.5,C[C@H]1O[C@H](O[C@H]2[C@H](O)[C@@H](O)[C@@H](O[C@H]3[C@H](O)[C@@H](O)C(O)O[C@@H]3CO)O[C@@H]2CO)[C@H](O)[C@@H](O)[C@@H]1N[C@H]1C=C(CO)[C@@H](O)[C@H](O)[C@H]1O,645.6080000000004,-8.564500000000011,14,19,3.11719095860756
CHEMBL404271,IC50,nM,750000.0,IC50,uM,750.0,C[C@H]1O[C@H](O[C@H]2[C@H](O)[C@@H](O)[C@@H](O[C@H]3[C@H](O)[C@@H](O)C(O)O[C@@H]3CO)O[C@@H]2CO)[C@H](O)[C@@H](O)[C@@H]1N[C@H]1C=C(CO)[C@@H](O)[C@H](O)[C@H]1O,645.6080000000004,-8.564500000000011,14,19,3.1249387366083
CHEMBL5271893,IC50,nM,5400.0,IC50,uM,5.4,COc1cc(C2Nc3ccccc3C(=O)N2Nc2ccccc2)ccc1OCc1cn(CC(=O)NCc2ccc(C)cc2)nn1,603.6830000000002,5.084120000000003,3,8,5.267606240177032
CHEMBL5277262,IC50,nM,11600.0,IC50,uM,11.6,COc1cc(C2Nc3ccccc3C(=O)N2Nc2ccccc2)ccc1OCc1cn(CC(=O)NCc2ccccc2)nn1,589.6560000000003,4.775700000000002,3,8,4.935542010773082
CHEMBL5281806,IC50,nM,6000.0,IC50,uM,6.0,COc1cc(C2Nc3ccccc3C(=O)N2Nc2ccccc2)ccc1OCc1cn(CC(=O)Nc2ccc([N+](=O)[O-])cc2)nn1,620.6260000000002,5.006200000000002,3,10,5.221848749616356
CHEMBL5266791,IC50,nM,140200.0,IC50,uM,140.2,COc1cc(C2Nc3ccccc3C(=O)N2Nc2ccccc2)ccc1OCc1cn(CC(=O)Nc2ccc(Br)cc2)nn1,654.5250000000002,5.860500000000004,3,8,3.85325198636936
CHEMBL5282594,IC50,nM,6700.0,IC50,uM,6.7,COc1cc(C2Nc3ccccc3C(=O)N2Nc2ccccc2)ccc1OCc1cn(CC(=O)Nc2ccc(Cl)cc2)nn1,610.0740000000002,5.751400000000004,3,8,5.173925197299173
CHEMBL5268812,IC50,nM,5000.0,IC50,uM,5.0,COc1ccc(NC(=O)Cn2cc(COc3ccc(C4Nc5ccccc5C(=O)N4Nc4ccccc4)cc3OC)nn2)cc1,605.6550000000001,5.106600000000004,3,9,5.301029995663981
CHEMBL5277625,IC50,nM,7200.0,IC50,uM,7.2,CCc1ccc(NC(=O)Cn2cc(COc3ccc(C4Nc5ccccc5C(=O)N4Nc4ccccc4)cc3OC)nn2)cc1,603.683,5.660400000000004,3,8,5.142667503568732
CHEMBL5287920,IC50,nM,10600.0,IC50,uM,10.6,COc1cc(C2Nc3ccccc3C(=O)N2Nc2ccccc2)ccc1OCc1cn(CC(=O)Nc2ccc(C)cc2C)nn1,603.6830000000001,5.714840000000003,3,8,4.97469413473523
CHEMBL5287798,IC50,nM,13000.0,IC50,uM,13.0,COc1cc(C2Nc3ccccc3C(=O)N2Nc2ccccc2)ccc1OCc1cn(CC(=O)Nc2ccc(C)cc2)nn1,589.6560000000002,5.406420000000003,3,8,4.886056647693163
CHEMBL5275387,IC50,nM,11700.0,IC50,uM,11.7,COc1cc(C2Nc3ccccc3C(=O)N2Nc2ccccc2)ccc1OCc1cn(CC(=O)Nc2ccccc2)nn1,575.6290000000002,5.0980000000000025,3,8,4.931814138253838
CHEMBL5268702,IC50,nM,8300.0,IC50,uM,8.3,Cc1ccc(CNC(=O)Cn2cc(COc3ccc(C4Nc5ccccc5C(=O)N4Nc4ccccc4)cc3)nn2)cc1,573.657,5.0755200000000045,3,7,5.080921907623926
CHEMBL5286942,IC50,nM,12000.0,IC50,uM,12.0,O=C(Cn1cc(COc2ccc(C3Nc4ccccc4C(=O)N3Nc3ccccc3)cc2)nn1)NCc1ccccc1,559.6300000000002,4.767100000000004,3,7,4.920818753952375
CHEMBL5279383,IC50,nM,12000.0,IC50,uM,12.0,O=C(Cn1cc(COc2ccc(C3Nc4ccccc4C(=O)N3Nc3ccccc3)cc2)nn1)Nc1ccc([N+](=O)[O-])cc1,590.6000000000001,4.997600000000003,3,9,4.920818753952375
CHEMBL5283167,IC50,nM,8000.0,IC50,uM,8.0,O=C(Cn1cc(COc2ccc(C3Nc4ccccc4C(=O)N3Nc3ccccc3)cc2)nn1)Nc1ccc(Br)cc1,624.4990000000001,5.851900000000004,3,7,5.096910013008056
CHEMBL5280846,IC50,nM,15300.0,IC50,uM,15.3,O=C(Cn1cc(COc2ccc(C3Nc4ccccc4C(=O)N3Nc3ccccc3)cc2)nn1)Nc1ccc(Cl)cc1,580.0480000000001,5.742800000000004,3,7,4.815308569182401
CHEMBL5277603,IC50,nM,42600.0,IC50,uM,42.6,COc1ccc(NC(=O)Cn2cc(COc3ccc(C4Nc5ccccc5C(=O)N4Nc4ccccc4)cc3)nn2)cc1,575.6290000000001,5.098000000000003,3,8,4.370590400897281
CHEMBL5287039,IC50,nM,14700.0,IC50,uM,14.7,CCc1ccc(NC(=O)Cn2cc(COc3ccc(C4Nc5ccccc5C(=O)N4Nc4ccccc4)cc3)nn2)cc1,573.657,5.651800000000004,3,7,4.8326826652518236
CHEMBL5279273,IC50,nM,4800.0,IC50,uM,4.8,Cc1ccc(NC(=O)Cn2cc(COc3ccc(C4Nc5ccccc5C(=O)N4Nc4ccccc4)cc3)nn2)c(C)c1,573.657,5.706240000000004,3,7,5.318758762624412
CHEMBL5271794,IC50,nM,95600.0,IC50,uM,95.6,Cc1ccc(NC(=O)Cn2cc(COc3ccc(C4Nc5ccccc5C(=O)N4Nc4ccccc4)cc3)nn2)cc1,559.6300000000001,5.397820000000004,3,7,4.0195421077238995
CHEMBL5278958,IC50,nM,16600.0,IC50,uM,16.6,O=C(Cn1cc(COc2ccc(C3Nc4ccccc4C(=O)N3Nc3ccccc3)cc2)nn1)Nc1ccccc1,545.6030000000002,5.089400000000003,3,7,4.779891911959945
CHEMBL5270724,IC50,nM,6310.0,IC50,uM,6.31,COc1ccc(-c2ncc(NC(=O)Cn3cc(COc4ccc(-c5nc6ccccc6[nH]5)cc4)nn3)s2)cc1,537.6050000000002,5.171200000000003,2,8,5.199970640755866
CHEMBL5277400,IC50,nM,25200.0,IC50,uM,25.2,CCc1ccc(NC(=O)Cn2cc(COc3ccc(-c4nc5ccccc5[nH]4)cc3)nn2)cc1,452.5180000000001,4.601500000000002,2,5,4.598599459218456
CHEMBL5279273,Ki,nM,4800.0,Ki,uM,4.8,Cc1ccc(NC(=O)Cn2cc(COc3ccc(C4Nc5ccccc5C(=O)N4Nc4ccccc4)cc3)nn2)c(C)c1,573.657,5.706240000000004,3,7,5.318758762624412
CHEMBL404271,IC50,nM,26100.0,IC50,uM,26.1,C[C@H]1O[C@H](O[C@H]2[C@H](O)[C@@H](O)[C@@H](O[C@H]3[C@H](O)[C@@H](O)C(O)O[C@@H]3CO)O[C@@H]2CO)[C@H](O)[C@@H](O)[C@@H]1N[C@H]1C=C(CO)[C@@H](O)[C@H](O)[C@H]1O,645.6080000000004,-8.564500000000011,14,19,4.583359492661719
CHEMBL4128298,IC50,nM,7300.0,IC50,uM,7.3,O=C(Cn1c(Cc2ccc(Br)cc2)nc2ccccc2c1=O)NNC(=O)c1cc2ccccc2oc1=O,559.3760000000002,3.317400000000001,2,6,5.136677139879544
CHEMBL30707,IC50,nM,6000.0,IC50,uM,6.0,O=c1oc2cc(O)ccc2c2oc3cc(O)ccc3c12,268.224,3.1036,2,5,5.221848749616356
CHEMBL5279690,IC50,nM,128100.0,IC50,uM,128.1,COc1ccc2c(c1)OC[C@H]1c3ccc(OC)c(O)c3O[C@@H]21,300.31,3.019100000000001,1,5,3.8924508702553138
CHEMBL5269655,IC50,nM,174200.0,IC50,uM,174.2,COc1ccc2c(c1OC)O[C@H]1c3ccc(O)cc3OC[C@@H]21,300.31000000000006,3.019100000000001,1,5,3.758951849328356
CHEMBL5290636,IC50,nM,6000.0,IC50,uM,6.0,CC1(C)C=Cc2c(ccc3c2OC2c4ccc(O)cc4OCC32)O1,322.36000000000007,4.186100000000002,1,4,5.221848749616356
CHEMBL3264731,IC50,nM,27070.0,IC50,uM,27.07,O=c1oc2ccc(Cl)cc2c(O)c1C(c1cccc([N+](=O)[O-])c1)c1c(O)c2cc(Cl)ccc2oc1=O,526.2840000000003,5.7058000000000035,2,8,4.567511744229494
CHEMBL3264730,IC50,nM,16540.0,IC50,uM,16.54,O=c1oc2ccc(Cl)cc2c(O)c1C(c1ccc(Cl)cc1Cl)c1c(O)c2cc(Cl)ccc2oc1=O,550.1770000000002,7.104400000000003,2,6,4.781464494783472
CHEMBL404271,IC50,nM,906000.0,IC50,uM,906.0,C[C@H]1O[C@H](O[C@H]2[C@H](O)[C@@H](O)[C@@H](O[C@H]3[C@H](O)[C@@H](O)C(O)O[C@@H]3CO)O[C@@H]2CO)[C@H](O)[C@@H](O)[C@@H]1N[C@H]1C=C(CO)[C@@H](O)[C@H](O)[C@H]1O,645.6080000000004,-8.564500000000011,14,19,3.042871802323187
CHEMBL3264720,IC50,nM,385990.0,IC50,uM,385.99,COc1cc(C(c2c(O)c3cc(C)ccc3oc2=O)c2c(O)c3cc(C)ccc3oc2=O)cc(OC)c1OC,530.5290000000003,5.133440000000005,2,9,3.4134239466263687
CHEMBL3264733,IC50,nM,221060.0,IC50,uM,221.06,CCOc1cc(C(c2c(O)c3cc(C)ccc3oc2=O)c2c(O)c3cc(C)ccc3oc2=O)ccc1O,500.50300000000027,5.211940000000006,3,8,3.655489834313468
CHEMBL3264735,IC50,nM,106630.0,IC50,uM,106.63,COc1ccc(C(c2c(O)c3cc(C)ccc3oc2=O)c2c(O)c3cc(C)ccc3oc2=O)cc1,470.47700000000026,5.116240000000005,2,7,3.9721205907927923
CHEMBL3264726,IC50,nM,113050.0,IC50,uM,113.05,COc1ccc(C(c2c(O)c3cc(Cl)ccc3oc2=O)c2c(O)c3cc(Cl)ccc3oc2=O)cc1O,527.3120000000004,5.5118000000000045,3,8,3.9467294333186214
CHEMBL3264725,IC50,nM,84060.0,IC50,uM,84.06,O=c1oc2ccc(Cl)cc2c(O)c1C(c1cccc(O)c1)c1c(O)c2cc(Cl)ccc2oc1=O,497.2860000000003,5.503200000000003,3,7,4.075410614330582
CHEMBL3264724,IC50,nM,83640.0,IC50,uM,83.64,COc1cc(C(c2c(O)c3cc(Cl)ccc3oc2=O)c2c(O)c3cc(Cl)ccc3oc2=O)ccc1O,527.3120000000002,5.5118000000000045,3,8,4.077585975854365
CHEMBL3264727,IC50,nM,57140.0,IC50,uM,57.14,CCOc1cc(C(c2c(O)c3cc(Cl)ccc3oc2=O)c2c(O)c3cc(Cl)ccc3oc2=O)ccc1O,541.3390000000003,5.901900000000006,3,8,4.243059763953275
CHEMBL3264728,IC50,nM,128140.0,IC50,uM,128.14,COc1cc(C(c2c(O)c3cc(Cl)ccc3oc2=O)c2c(O)c3cc(Cl)ccc3oc2=O)cc(OC)c1OC,571.3650000000001,5.823400000000005,2,9,3.892315280344158
CHEMBL3264729,IC50,nM,91360.0,IC50,uM,91.36,COc1ccc(C(c2c(O)c3cc(Cl)ccc3oc2=O)c2c(O)c3cc(Cl)ccc3oc2=O)cc1OC,541.3390000000003,5.814800000000004,2,8,4.039243909098227
CHEMBL5559448,IC50,nM,691.0,IC50,uM,0.691,NS(=O)(=O)c1ccc(/N=C2\NC(=O)/C(=C\c3ccccc3)S2)cc1,359.432,2.2256,2,5,6.1605219526258015
CHEMBL5512544,IC50,nM,475.0,IC50,uM,0.475,COc1ccc(/C=C2/S/C(=N/c3ccc(S(N)(=O)=O)cc3)NC2=O)cc1,389.4580000000001,2.2341999999999995,2,6,6.323306390375134
CHEMBL5532288,IC50,nM,1646.0,IC50,uM,1.646,NS(=O)(=O)c1ccc(/N=C2\NC(=O)/C(=C\c3ccc(Cl)cc3)S2)cc1,393.87700000000007,2.8790000000000013,2,5,5.783570169123749
CHEMBL5555209,IC50,nM,440.0,IC50,uM,0.44,NS(=O)(=O)c1ccc(/N=C2\NC(=O)/C(=C\c3ccc(F)cc3)S2)cc1,377.422,2.3647,2,5,6.356547323513812
CHEMBL5556832,IC50,nM,346.0,IC50,uM,0.346,CN1C(=O)/C(=C\c2ccccc2)S/C1=N/c1ccc(S(N)(=O)=O)cc1,373.4590000000001,2.5678,1,5,6.460923901207224
CHEMBL5517809,IC50,nM,3346.0,IC50,uM,3.346,COc1ccc(/C=C2/S/C(=N/c3ccc(S(N)(=O)=O)cc3)N(C)C2=O)cc1,403.4850000000001,2.5764000000000005,1,6,5.475474063373624
CHEMBL5555959,IC50,nM,1387.0,IC50,uM,1.387,CN1C(=O)/C(=C\c2ccc(Cl)cc2)S/C1=N/c1ccc(S(N)(=O)=O)cc1,407.9040000000001,3.2212000000000005,1,5,5.857923538926715
CHEMBL5558583,IC50,nM,860.0,IC50,uM,0.86,CN1C(=O)/C(=C\c2ccc(F)cc2)S/C1=N/c1ccc(S(N)(=O)=O)cc1,391.44900000000007,2.7069,1,5,6.0655015487564325
CHEMBL5549876,IC50,nM,2025.0,IC50,uM,2.025,CCN1C(=O)/C(=C\c2ccccc2)S/C1=N/c1ccc(S(N)(=O)=O)cc1,387.4860000000001,2.9579000000000004,1,5,5.693574972449313
CHEMBL5527910,IC50,nM,1085.0,IC50,uM,1.085,CCN1C(=O)/C(=C\c2ccc(OC)cc2)S/C1=N/c1ccc(S(N)(=O)=O)cc1,417.5120000000001,2.966500000000001,1,6,5.964570261815451
CHEMBL5505787,IC50,nM,447.0,IC50,uM,0.447,CCN1C(=O)/C(=C\c2ccc(Cl)cc2)S/C1=N/c1ccc(S(N)(=O)=O)cc1,421.93100000000015,3.6113000000000017,1,5,6.349692476868063
CHEMBL5556926,IC50,nM,1276.0,IC50,uM,1.276,CCN1C(=O)/C(=C\c2ccc(F)cc2)S/C1=N/c1ccc(S(N)(=O)=O)cc1,405.4760000000001,3.0970000000000004,1,5,5.8941493256148565
CHEMBL5523415,IC50,nM,1833.0,IC50,uM,1.833,NS(=O)(=O)c1ccc(/N=C2\NC(=O)/C(=C3\C(=O)Nc4ccccc43)S2)cc1,400.44100000000003,1.5478999999999996,3,6,5.736837535037783
CHEMBL5555863,IC50,nM,599.0,IC50,uM,0.599,CN1C(=O)/C(=C2\C(=O)Nc3ccccc32)S/C1=N/c1ccc(S(N)(=O)=O)cc1,414.46800000000013,1.8901,2,6,6.2225731776106885
CHEMBL5555903,IC50,nM,978.0,IC50,uM,0.978,CCN1C(=O)/C(=C2\C(=O)Nc3ccccc32)S/C1=N/c1ccc(S(N)(=O)=O)cc1,428.4950000000002,2.2802000000000007,2,6,6.009661145212399
CHEMBL404271,IC50,nM,421.0,IC50,uM,0.421,C[C@H]1O[C@H](O[C@H]2[C@H](O)[C@@H](O)[C@@H](O[C@H]3[C@H](O)[C@@H](O)C(O)O[C@@H]3CO)O[C@@H]2CO)[C@H](O)[C@@H](O)[C@@H]1N[C@H]1C=C(CO)[C@@H](O)[C@H](O)[C@H]1O,645.6080000000004,-8.564500000000011,14,19,6.375717904164332
CHEMBL5558505,IC50,nM,420.0,IC50,uM,0.42,Cc1ccc(S(=O)(=O)Oc2ccc(/C=N/N=C3/NC(=O)CS3)cc2)cc1,389.4580000000001,2.31562,1,7,6.376750709602099
CHEMBL5557090,IC50,nM,3200.0,IC50,uM,3.2,O=C1N/C(=N\c2nccs2)S/C1=C\c1cc(C(F)(F)F)c2scnc2c1O,428.44200000000006,4.368800000000001,2,8,5.494850021680094
CHEMBL5556230,IC50,nM,9800.0,IC50,uM,9.8,Cc1ccc(N2C(=O)CS/C2=N\N=C(\CSc2nc3ccccc3[nH]2)c2ccc(Cl)cc2)cc1,506.05600000000015,6.157120000000004,1,6,5.008773924307505
CHEMBL5517665,IC50,nM,5900.0,IC50,uM,5.9,O=C1CSC(c2ccc([N+](=O)[O-])cc2)N1Cc1ccc2c(c1)OCO2,358.3750000000001,3.0977000000000015,0,6,5.229147988357856
CHEMBL2315734,IC50,nM,2400.0,IC50,uM,2.4,O=C1N/C(=N\c2nccs2)S/C1=C\c1ccc(F)cc1,305.35900000000004,3.173800000000001,1,5,5.619788758288394
CHEMBL5395316,IC50,nM,48650.0,IC50,uM,48.65,COc1ccc(-c2[nH]c3c(c2CC#N)c(=O)oc2ccccc23)cc1,330.343,4.0159800000000025,1,4,4.312917155395629
CHEMBL5560020,IC50,nM,16430.0,IC50,uM,16.43,O=C1Nc2ccccc2/C1=N/N=C/c1ccc(OCc2cn(Cc3ccccc3F)nn2)cc1,454.4650000000001,3.8198000000000025,1,6,4.784362436564939
CHEMBL5555649,IC50,nM,20.0,IC50,uM,0.02,O=C(N/N=C/c1ccccc1)c1ccc(OCc2cn(Cc3ccccc3)nn2)cc1,411.4650000000001,3.6693000000000024,1,5,7.698970004336019
CHEMBL5430942,IC50,nM,6310.0,IC50,uM,6.31,COc1cc(-c2nc3ccccc3[nH]2)ccc1OCc1cn(CC(=O)Nc2cnc(-c3ccccc3)s2)nn1,537.6050000000001,5.1712000000000025,2,8,5.199970640755866
CHEMBL389656,IC50,nM,74320.0,IC50,uM,74.32,Oc1ccccc1-c1nc(-c2ccccc2)c(-c2ccccc2)[nH]1,312.372,5.116300000000004,2,2,4.128894299014415
CHEMBL14474,IC50,nM,622400.0,IC50,uM,622.4,c1ccc2ncccc2c1,129.16199999999998,2.2348,0,1,3.2059304160183673
CHEMBL1160559,IC50,nM,53600.0,IC50,uM,53.6,O=C(O)c1ccc2ccccc2n1,173.171,1.9329999999999998,1,2,4.27083521030723
CHEMBL275098,IC50,nM,63000.0,IC50,uM,63.0,O=C(O)c1cnc2ccccc2c1,173.171,1.9329999999999998,1,2,4.200659450546418
CHEMBL5566368,IC50,nM,70100.0,IC50,uM,70.1,CCOC(=O)c1c(SCC(=O)Nc2ccccc2)nnc(-c2ccccc2)c1-c1ccccc1,469.56600000000014,5.718100000000005,1,6,4.154281982033341
CHEMBL5590239,IC50,nM,11020.0,IC50,uM,11.02,O=C(NNC(=S)Nc1ccccc1)c1cc2c([nH]c3ccccc32)c(-c2ccccc2)n1,437.52800000000013,5.0145000000000035,4,3,4.957818405484233
CHEMBL5592521,IC50,nM,9800.0,IC50,uM,9.8,O=C(NNC(=S)Nc1ccccc1F)c1cc2c([nH]c3ccccc32)c(-c2ccccc2)n1,455.51800000000014,5.153600000000003,4,3,5.008773924307505
CHEMBL5594219,IC50,nM,5260.0,IC50,uM,5.26,O=C(NNC(=S)Nc1cccc(F)c1)c1cc2c([nH]c3ccccc32)c(-c2ccccc2)n1,455.51800000000014,5.153600000000003,4,3,5.279014255846261
CHEMBL5594736,IC50,nM,9240.0,IC50,uM,9.24,O=C(NNC(=S)Nc1ccc(F)cc1)c1cc2c([nH]c3ccccc32)c(-c2ccccc2)n1,455.51800000000014,5.153600000000003,4,3,5.0343280287798935
CHEMBL5591690,IC50,nM,8470.0,IC50,uM,8.47,O=C(NNC(=S)Nc1ccccc1Cl)c1cc2c([nH]c3ccccc32)c(-c2ccccc2)n1,471.9730000000002,5.667900000000003,4,3,5.072116589669293
CHEMBL5592850,IC50,nM,6690.0,IC50,uM,6.69,O=C(NNC(=S)Nc1cccc(Cl)c1)c1cc2c([nH]c3ccccc32)c(-c2ccccc2)n1,471.9730000000002,5.667900000000003,4,3,5.174573882232177
CHEMBL5595989,IC50,nM,6260.0,IC50,uM,6.26,O=C(NNC(=S)Nc1ccc(Cl)cc1)c1cc2c([nH]c3ccccc32)c(-c2ccccc2)n1,471.9730000000002,5.667900000000003,4,3,5.20342566678957
CHEMBL5584200,IC50,nM,9410.0,IC50,uM,9.41,O=C(NNC(=S)Nc1ccccc1Br)c1cc2c([nH]c3ccccc32)c(-c2ccccc2)n1,516.4240000000002,5.777000000000003,4,3,5.026410376572743
CHEMBL5591376,IC50,nM,4170.0,IC50,uM,4.17,O=C(NNC(=S)Nc1cccc(Br)c1)c1cc2c([nH]c3ccccc32)c(-c2ccccc2)n1,516.4240000000002,5.777000000000003,4,3,5.379863945026242
CHEMBL5594910,IC50,nM,3210.0,IC50,uM,3.21,O=C(NNC(=S)Nc1ccc(Br)cc1)c1cc2c([nH]c3ccccc32)c(-c2ccccc2)n1,516.4240000000002,5.777000000000003,4,3,5.493494967595128
CHEMBL5595852,IC50,nM,12400.0,IC50,uM,12.4,Cc1ccccc1NC(=S)NNC(=O)c1cc2c([nH]c3ccccc32)c(-c2ccccc2)n1,451.5550000000002,5.322920000000004,4,3,4.906578314837765
CHEMBL5595782,IC50,nM,6040.0,IC50,uM,6.04,Cc1cccc(NC(=S)NNC(=O)c2cc3c([nH]c4ccccc43)c(-c3ccccc3)n2)c1,451.5550000000001,5.322920000000003,4,3,5.218963061378868
CHEMBL5590445,IC50,nM,6550.0,IC50,uM,6.55,Cc1ccc(NC(=S)NNC(=O)c2cc3c([nH]c4ccccc43)c(-c3ccccc3)n2)cc1,451.5550000000002,5.322920000000003,4,3,5.183758700008217
CHEMBL5592894,IC50,nM,5240.0,IC50,uM,5.24,O=C(NNC(=S)Nc1ccccc1C(F)(F)F)c1cc2c([nH]c3ccccc32)c(-c2ccccc2)n1,505.5250000000002,6.033300000000003,4,3,5.280668713016273
CHEMBL5594439,IC50,nM,3990.0,IC50,uM,3.99,O=C(NNC(=S)Nc1cccc(C(F)(F)F)c1)c1cc2c([nH]c3ccccc32)c(-c2ccccc2)n1,505.5250000000002,6.033300000000003,4,3,5.399027104313252
CHEMBL5594432,IC50,nM,3840.0,IC50,uM,3.84,O=C(NNC(=S)Nc1ccc(C(F)(F)F)cc1)c1cc2c([nH]c3ccccc32)c(-c2ccccc2)n1,505.5250000000002,6.033300000000003,4,3,5.4156687756324695
CHEMBL5595481,IC50,nM,10990.0,IC50,uM,10.99,O=C(NNC(=S)Nc1ccccc1OC(F)(F)F)c1cc2c([nH]c3ccccc32)c(-c2ccccc2)n1,521.5240000000002,5.913100000000003,4,4,4.959002307576509
CHEMBL5592136,IC50,nM,3860.0,IC50,uM,3.86,O=C(NNC(=S)Nc1ccc(OC(F)(F)F)cc1)c1cc2c([nH]c3ccccc32)c(-c2ccccc2)n1,521.5240000000001,5.913100000000003,4,4,5.413412695328245
CHEMBL5593118,IC50,nM,11980.0,IC50,uM,11.98,COc1ccccc1NC(=S)NNC(=O)c1cc2c([nH]c3ccccc32)c(-c2ccccc2)n1,467.5540000000002,5.023100000000003,4,4,4.921543181946707
CHEMBL5589774,IC50,nM,8980.0,IC50,uM,8.98,COc1cccc(NC(=S)NNC(=O)c2cc3c([nH]c4ccccc43)c(-c3ccccc3)n2)c1,467.55400000000014,5.023100000000003,4,4,5.0467236633326955
CHEMBL5589860,IC50,nM,11230.0,IC50,uM,11.23,COc1ccc(NC(=S)NNC(=O)c2cc3c([nH]c4ccccc43)c(-c3ccccc3)n2)cc1,467.55400000000014,5.023100000000003,4,4,4.949620243738543
CHEMBL5593720,IC50,nM,4620.0,IC50,uM,4.62,CCOc1ccccc1NC(=S)NNC(=O)c1cc2c([nH]c3ccccc32)c(-c2ccccc2)n1,481.5810000000002,5.413200000000004,4,4,5.335358024443875
CHEMBL5594123,IC50,nM,4440.0,IC50,uM,4.44,CCOc1ccc(NC(=S)NNC(=O)c2cc3c([nH]c4ccccc43)c(-c3ccccc3)n2)cc1,481.58100000000013,5.413200000000003,4,4,5.35261702988538
CHEMBL5591395,IC50,nM,3090.0,IC50,uM,3.09,O=C(NNC(=S)Nc1ccc(Oc2ccccc2)cc1)c1cc2c([nH]c3ccccc32)c(-c2ccccc2)n1,529.6250000000002,6.806800000000004,4,4,5.510041520575165
CHEMBL5594964,IC50,nM,2950.0,IC50,uM,2.95,O=C(NNC(=S)Nc1cccc(OCc2ccccc2)c1)c1cc2c([nH]c3ccccc32)c(-c2ccccc2)n1,543.6520000000002,6.593500000000004,4,4,5.530177984021837
CHEMBL5589972,IC50,nM,2810.0,IC50,uM,2.81,O=C(NNC(=S)Nc1cccc([N+](=O)[O-])c1)c1cc2c([nH]c3ccccc32)c(-c2ccccc2)n1,482.5250000000002,4.9227000000000025,4,5,5.55129368009492
CHEMBL5595235,IC50,nM,10990.0,IC50,uM,10.99,O=C(NNC(=S)Nc1ccc([N+](=O)[O-])cc1)c1cc2c([nH]c3ccccc32)c(-c2ccccc2)n1,482.5250000000002,4.9227000000000025,4,5,4.959002307576509
CHEMBL5590835,IC50,nM,3660.0,IC50,uM,3.66,O=C(NNC(=S)Nc1ccc(F)c(F)c1)c1cc2c([nH]c3ccccc32)c(-c2ccccc2)n1,473.50800000000015,5.292700000000003,4,3,5.436518914605589
CHEMBL5583905,IC50,nM,8510.0,IC50,uM,8.51,Cc1ccc(NC(=S)NNC(=O)c2cc3c([nH]c4ccccc43)c(-c3ccccc3)n2)c(C)c1,465.5820000000002,5.631340000000004,4,3,5.070070439915412
CHEMBL5595072,IC50,nM,4590.0,IC50,uM,4.59,Cc1ccc(C)c(NC(=S)NNC(=O)c2cc3c([nH]c4ccccc43)c(-c3ccccc3)n2)c1,465.58200000000016,5.631340000000004,4,3,5.338187314462739
CHEMBL5595016,IC50,nM,10460.0,IC50,uM,10.46,Cc1cccc(C)c1NC(=S)NNC(=O)c1cc2c([nH]c3ccccc32)c(-c2ccccc2)n1,465.5820000000002,5.631340000000004,4,3,4.980468315468745
CHEMBL5589699,IC50,nM,6880.0,IC50,uM,6.88,COc1ccc(NC(=S)NNC(=O)c2cc3c([nH]c4ccccc43)c(-c3ccccc3)n2)c(OC)c1,497.5800000000002,5.0317000000000025,4,5,5.162411561764489
CHEMBL5590184,IC50,nM,5170.0,IC50,uM,5.17,COc1ccc(OC)c(NC(=S)NNC(=O)c2cc3c([nH]c4ccccc43)c(-c3ccccc3)n2)c1,497.5800000000002,5.0317000000000025,4,5,5.286509456906058
CHEMBL5592227,IC50,nM,8300.0,IC50,uM,8.3,COc1ccc(NC(=S)NNC(=O)c2cc3c([nH]c4ccccc43)c(-c3ccccc3)n2)cc1OC,497.5800000000002,5.0317000000000025,4,5,5.080921907623926
CHEMBL5592116,IC50,nM,5900.0,IC50,uM,5.9,COc1cc(NC(=S)NNC(=O)c2cc3c([nH]c4ccccc43)c(-c3ccccc3)n2)cc(OC)c1,497.58000000000027,5.0317000000000025,4,5,5.229147988357856
CHEMBL5592418,IC50,nM,12250.0,IC50,uM,12.25,COc1cc(NC(=S)NNC(=O)c2cc3c([nH]c4ccccc43)c(-c3ccccc3)n2)cc(OC)c1OC,527.6060000000002,5.040300000000003,4,6,4.911863911299449
CHEMBL404271,IC50,nM,564280.0,IC50,uM,564.28,C[C@H]1O[C@H](O[C@H]2[C@H](O)[C@@H](O)[C@@H](O[C@H]3[C@H](O)[C@@H](O)C(O)O[C@@H]3CO)O[C@@H]2CO)[C@H](O)[C@@H](O)[C@@H]1N[C@H]1C=C(CO)[C@@H](O)[C@H](O)[C@H]1O,645.6080000000004,-8.564500000000011,14,19,3.2485053423288686
CHEMBL5589972,Ki,nM,1000.0,Ki,uM,1.0,O=C(NNC(=S)Nc1cccc([N+](=O)[O-])c1)c1cc2c([nH]c3ccccc32)c(-c2ccccc2)n1,482.5250000000002,4.9227000000000025,4,5,6.0
CHEMBL404271,IC50,nM,42450.0,IC50,uM,42.45,C[C@H]1O[C@H](O[C@H]2[C@H](O)[C@@H](O)[C@@H](O[C@H]3[C@H](O)[C@@H](O)C(O)O[C@@H]3CO)O[C@@H]2CO)[C@H](O)[C@@H](O)[C@@H]1N[C@H]1C=C(CO)[C@@H](O)[C@H](O)[C@H]1O,645.6080000000004,-8.564500000000011,14,19,4.372122305420029
CHEMBL5420199,IC50,nM,1600.0,IC50,uM,1.6,O=S(=O)(NCCc1c[nH]c2ccccc12)c1cc(F)ccc1Cl,352.8180000000001,3.4814000000000016,2,2,5.795880017344075
