canonical_smiles,molecule_chembl_id,standard_type,standard_units,standard_value,type,units,value
OC[C@H]1N[C@H](CO)[C@@H](O)C(O)[C@@H]1O,CHEMBL2114210,IC50,nM,110000.0,IC50,uM,110.0
OC[C@H]1N[C@H](CO)[C@@H](O)C(O)[C@@H]1O,CHEMBL2114210,IC50,nM,110000.0,IC50,uM,110.0
OC[C@H]1N[C@H](CO)[C@@H](O)C(O)[C@@H]1O,CHEMBL2114210,Ki,nM,6200.0,Ki,uM,6.2
OCC1NC(CO)[C@@H](O)C(O)C1O,CHEMBL87169,IC50,nM,700.0,IC50,uM,0.7
OCC1NC(CO)[C@@H](O)C(O)C1O,CHEMBL87169,Ki,nM,6900.0,Ki,uM,6.9
OC[C@@H]1N[C@H](CO)[C@@H](O)[C@H](O)[C@@H]1O,CHEMBL2115215,IC50,nM,3200.0,IC50,uM,3.2
OC[C@@H]1N[C@H](CO)[C@@H](O)[C@H](O)[C@@H]1O,CHEMBL2115215,Ki,nM,450.0,Ki,uM,0.45
OC[C@H]1N[C@H](CO)[C@@H](O)[C@H](O)[C@H]1O,CHEMBL501355,IC50,nM,40.0,IC50,uM,0.04
OC[C@@H]1N[C@H](CO)[C@@H](O)[C@H](O)[C@H]1O,CHEMBL2093897,IC50,nM,8400.0,IC50,uM,8.4
CN1[C@H](CO)[C@H](O)[C@@H](O)[C@H](O)[C@H]1CO,CHEMBL2442258,IC50,nM,60.0,IC50,uM,0.06
CCCCN1[C@H](CO)[C@H](O)[C@@H](O)[C@H](O)[C@H]1CO,CHEMBL3084806,IC50,nM,4200.0,IC50,uM,4.2
CCCCN1[C@H](CO)[C@@H](O)[C@H](O)[C@H]1CO,CHEMBL77918,IC50,nM,50000.0,IC50,uM,50.0
OC[C@H]1NC[C@H](O)[C@@H](O)[C@@H]1O,CHEMBL307429,IC50,nM,360.0,IC50,uM,0.36
OC[C@H]1NC[C@@H](O)[C@@H]1O,CHEMBL80254,IC50,nM,55000.0,IC50,uM,55.0
CCCCN1C[C@@H](O)[C@H](O)[C@H]1CO,CHEMBL310229,IC50,nM,50000.0,IC50,uM,50.0
CN1[C@H](CO)[C@@H](O)[C@H](O)[C@H]1CO,CHEMBL310231,IC50,nM,50000.0,IC50,uM,50.0
OC[C@H]1N[C@H](CO)[C@@H](O)[C@@H]1O,CHEMBL312653,IC50,nM,50000.0,IC50,uM,50.0
CCCCN1C[C@H](O)[C@@H](O)[C@H](O)[C@H]1CO,CHEMBL1029,IC50,nM,2100.0,IC50,uM,2.1
CN1C[C@H](O)[C@@H](O)[C@H](O)[C@H]1CO,CHEMBL75971,IC50,nM,120.0,IC50,uM,0.12
CN1C[C@@H](O)[C@H](O)[C@H]1CO,CHEMBL80148,IC50,nM,500000.0,IC50,uM,500.0
C[Si](C)(C)c1cccc(CN2C[C@H](O)[C@@H](O)[C@H](O)[C@H]2CO)c1,CHEMBL121223,Ki,nM,1000.0,Ki,uM,1.0
C[Si](C)(C)c1ccccc1CN1C[C@H](O)[C@@H](O)[C@H](O)[C@H]1CO,CHEMBL323803,Ki,nM,10000.0,Ki,uM,10.0
C[Si](C)(CCCN1C[C@H](O)[C@@H](O)[C@H](O)[C@H]1CO)c1ccccc1,CHEMBL120488,Ki,nM,10.0,Ki,uM,0.01
C[Si](C)(CN1C[C@H](O)[C@@H](O)[C@H](O)[C@H]1CO)c1ccccc1,CHEMBL333917,Ki,nM,2600.0,Ki,uM,2.6
C[Si](C)(C)/C=C/CCN1C[C@H](O)[C@@H](O)[C@H](O)[C@H]1CO,CHEMBL331723,Ki,nM,,Ki,uM,
C[Si](C)(/C=C/CN1C[C@H](O)[C@@H](O)[C@H](O)[C@H]1CO)c1ccccc1,CHEMBL120226,Ki,nM,4.0,Ki,uM,0.004
C[Si](C)(CCCCN1C[C@H](O)[C@@H](O)[C@H](O)[C@H]1CO)c1ccccc1,CHEMBL120007,Ki,nM,,Ki,uM,
CCC[Si](C)(C)CN1C[C@H](O)[C@@H](O)[C@H](O)[C@H]1CO,CHEMBL330763,Ki,nM,900.0,Ki,uM,0.9
C[Si](C)(C)/C=C\CN1C[C@H](O)[C@@H](O)[C@H](O)[C@H]1CO,CHEMBL332468,Ki,nM,,Ki,uM,
CC(C)(C)[Si](C)(C)/C=C/CN1C[C@H](O)[C@@H](O)[C@H](O)[C@H]1CO,CHEMBL120395,Ki,nM,87.0,Ki,uM,0.087
C[Si](C)(C)c1ccc(CN2C[C@H](O)[C@@H](O)[C@H](O)[C@H]2CO)cc1,CHEMBL332802,Ki,nM,28.0,Ki,uM,0.028
C[Si](C)(C)CCCCCN1C[C@H](O)[C@@H](O)[C@H](O)[C@H]1CO,CHEMBL120489,Ki,nM,70.0,Ki,uM,0.07
C[Si](C)(C)/C=C/CN1C[C@H](O)[C@@H](O)[C@H](O)[C@H]1CO,CHEMBL432221,Ki,nM,2.3,Ki,uM,0.0023
C[Si](C)(C)CCCN1C[C@H](O)[C@@H](O)[C@H](O)[C@H]1CO,CHEMBL121283,Ki,nM,50.0,Ki,uM,0.05
C[Si](C)(C)CN1C[C@H](O)[C@@H](O)[C@H](O)[C@H]1CO,CHEMBL120169,Ki,nM,2500.0,Ki,uM,2.5
C[Si](C)(C)CCCCN1C[C@H](O)[C@@H](O)[C@H](O)[C@H]1CO,CHEMBL415713,Ki,nM,120.0,Ki,uM,0.12
O=c1c(-c2ccc(O)cc2)coc2cc(O)cc(O)c12,CHEMBL44,IC50,nM,10400.0,IC50,uM,10.4
O=c1c(-c2ccc(O)cc2)coc2cc(O)cc(O)c12,CHEMBL44,IC50,nM,2610.0,IC50,uM,2.61
O=c1c(-c2ccc(O)cc2)coc2cc(O)cc(O)c12,CHEMBL44,Ki,nM,10400.0,Ki,mM,0.0104
CCCCCCCCNC1C=C(CO)C(O)C(O)C1O,CHEMBL422734,IC50,nM,17000.0,IC50,M,0.000017
CCCCCCCCCCNC1C=C(CO)C(O)C(O)C1O,CHEMBL176679,IC50,nM,,IC50,M,
N[C@H]1C=C(CO)[C@@H](O)[C@H](O)[C@H]1O,CHEMBL1230806,IC50,nM,100000.0,IC50,M,0.0001
CCCCCCCCCCCCC/C=C/[C@@H](O)[C@H](CNC1C=C(CO)C(O)C(O)C1O)NC(=O)CCCCCCCCCCCCCCC,CHEMBL369361,IC50,nM,,IC50,M,
CCCCNC1C=C(CO)C(O)C(O)C1O,CHEMBL367666,IC50,nM,100000.0,IC50,M,0.0001
CCCCCCCCCCCCCCCCCCNC1C=C(CO)C(O)C(O)C1O,CHEMBL426933,IC50,nM,100000.0,IC50,M,0.0001
OC1C(O)C(O)C2OC2C1O,CHEMBL174067,IC50,nM,100000.0,IC50,M,0.0001
CCCCCCCCCCCCCCNC1C=C(CO)C(O)C(O)C1O,CHEMBL170431,IC50,nM,,IC50,M,
C[C@]12CCC(=O)C[C@@H]1CC[C@@H]1[C@@H]2CC[C@]2(C)[C@@H](O)CC[C@@H]12.C[C@]12CC[C@H]3[C@@H](CCC4CC(=O)CC[C@@]43C)[C@@H]1CC[C@@H]2O,CHEMBL1744444,IC50,nM,100000.0,IC50,M,0.0001
CCCCCCNC1C=C(CO)C(O)C(O)C1O,CHEMBL354193,IC50,nM,50000.0,IC50,M,0.00005
OC[C@@]1(O)C[C@H](NC[C@H](O)c2ccccc2)[C@H](O)[C@H](O)[C@H]1O,CHEMBL2374254,IC50,nM,5.8,IC50,M,5.8E-9
CO[C@H]1O[C@H](C)[C@@H](N[C@H]2C=C(CO)[C@@H](O)[C@H](O)[C@H]2O)[C@H](O)[C@H]1O,CHEMBL2051980,IC50,nM,3200.0,IC50,M,0.0000032
C[C@H]1C[C@H](N)[C@H](O)[C@@H](O)[C@@H]1N[C@H]1C[C@](O)(CO)[C@@H](O)[C@H](O)[C@H]1O,CHEMBL2051761,IC50,nM,28.0,IC50,M,2.8E-8
C[C@H]1C[C@@H](O)[C@H](O)[C@@H](O)[C@H]1N[C@H]1C[C@](O)(CO)[C@@H](O)[C@H](O)[C@H]1O,CHEMBL2051982,IC50,nM,70.0,IC50,M,7E-8
OC[C@@H](N[C@H]1C[C@](O)(CO)[C@@H](O)[C@H](O)[C@H]1O)c1ccccc1,CHEMBL2374252,IC50,nM,34000.0,IC50,M,0.000034
OC[C@@]1(O)C[C@H](NCC2CCCCC2)[C@H](O)[C@@H](O)[C@@H]1O,CHEMBL3349433,IC50,nM,240.0,IC50,M,2.4E-7
N[C@H]1C=C(CO)[C@@H](O)[C@H](O)[C@H]1O,CHEMBL1230806,IC50,nM,340000.0,IC50,M,0.00034
OC[C@@]1(O)C[C@H](N[C@@H]2CCCC[C@H]2O)[C@H](O)[C@@H](O)[C@@H]1O,CHEMBL3349432,IC50,nM,6.1,IC50,M,6.1E-9
OCN(CO)[C@H]1C[C@](O)(CO)[C@@H](O)[C@H](O)[C@H]1O,CHEMBL3349431,IC50,nM,15.0,IC50,M,1.5E-8
OC[C@@]1(O)C[C@H](N[C@H]2CCCC[C@@H]2O)[C@H](O)[C@@H](O)[C@@H]1O,CHEMBL3349439,IC50,nM,1600.0,IC50,M,0.0000016
OC[C@@]1(O)C[C@H](NCc2ccc(Br)cc2)[C@H](O)[C@@H](O)[C@@H]1O,CHEMBL3349435,IC50,nM,230.0,IC50,M,2.3E-7
CO[C@H]1O[C@H](C)[C@@H](N[C@H]2C[C@](O)(CO)[C@@H](O)[C@H](O)[C@H]2O)[C@H](O)[C@H]1O,CHEMBL2051983,IC50,nM,4.9,IC50,M,4.9E-9
OCC(CO)N[C@H]1C[C@H](CO)[C@@H](O)[C@H](O)[C@H]1O,CHEMBL3349440,IC50,nM,550.0,IC50,M,5.5E-7
N[C@H]1C[C@](O)(CO)[C@@H](O)[C@H](O)[C@H]1O,CHEMBL222396,IC50,nM,2200.0,IC50,M,0.0000022
C[C@H]1C[C@H](O)[C@H](O)[C@@H](O)[C@H]1N[C@H]1C[C@](O)(CO)[C@@H](O)[C@H](O)[C@H]1O,CHEMBL2051762,IC50,nM,68.0,IC50,M,6.8E-8
N[C@H]1C[C@H](CO)[C@@H](O)[C@H](O)[C@H]1O,CHEMBL1628264,IC50,nM,110000.0,IC50,M,0.00011
OCC1=C[C@H](NC(CO)CO)[C@H](O)[C@@H](O)[C@@H]1O,CHEMBL3349436,IC50,nM,5900.0,IC50,M,0.0000059
C[C@H]1C[C@H](N)[C@H](O)[C@@H](O)[C@H]1N[C@H]1C[C@](O)(CO)[C@@H](O)[C@H](O)[C@H]1O,CHEMBL2051978,IC50,nM,1500.0,IC50,M,0.0000015
CO[C@H]1O[C@H](CO)[C@@H](N[C@H]2C[C@](O)(CO)[C@@H](O)[C@H](O)[C@H]2O)[C@H](O)[C@H]1O,CHEMBL2051981,IC50,nM,72.0,IC50,M,7.2E-8
OC[C@@]1(O)C[C@H](NCc2cccs2)[C@H](O)[C@@H](O)[C@@H]1O,CHEMBL3349441,IC50,nM,200.0,IC50,M,2E-7
OC[C@@]1(O)C[C@H](NC[C@@H](O)c2ccccc2)[C@H](O)[C@H](O)[C@H]1O,CHEMBL2374255,IC50,nM,5000.0,IC50,M,0.000005
CO[C@H]1O[C@H](CO)[C@@H](N[C@H]2C=C(CO)[C@@H](O)[C@H](O)[C@H]2O)[C@H](O)[C@H]1O,CHEMBL2051763,IC50,nM,7200.0,IC50,M,0.0000072
CC(C)=CCC/C(C)=C/CN[C@H]1C[C@](O)(CO)[C@@H](O)[C@H](O)[C@H]1O,CHEMBL3349438,IC50,nM,520.0,IC50,M,5.2E-7
CO[C@H]1O[C@H](C)[C@H](N[C@H]2C[C@](O)(CO)[C@@H](O)[C@H](O)[C@H]2O)[C@H](O)[C@H]1O,CHEMBL2051760,IC50,nM,650.0,IC50,M,6.5E-7
OC[C@@]1(O)C[C@H](NC/C=C/c2ccccc2)[C@H](O)[C@@H](O)[C@@H]1O,CHEMBL3349443,IC50,nM,270.0,IC50,M,2.7E-7
CO[C@H]1O[C@H](CO)[C@H](N[C@H]2C=C(CO)[C@@H](O)[C@H](O)[C@H]2O)[C@H](O)[C@H]1O,CHEMBL2051979,IC50,nM,80000.0,IC50,M,0.00008
OC[C@H](N[C@H]1C[C@](O)(CO)[C@@H](O)[C@H](O)[C@H]1O)c1ccccc1,CHEMBL2374253,IC50,nM,13.0,IC50,M,1.3E-8
OC[C@@]1(O)C[C@H](NCc2cccnc2)[C@H](O)[C@@H](O)[C@@H]1O,CHEMBL3349446,IC50,nM,330.0,IC50,M,3.3E-7
OC[C@@]1(O)C[C@H](NCCc2ccccc2)[C@H](O)[C@@H](O)[C@@H]1O,CHEMBL3349437,IC50,nM,100.0,IC50,M,1E-7
OC[C@@]1(O)C[C@H](NC2CCCCC2)[C@H](O)[C@@H](O)[C@@H]1O,CHEMBL3349434,IC50,nM,410.0,IC50,M,4.1E-7
CC(C)(C)c1cc(CN[C@H]2C[C@](O)(CO)[C@@H](O)[C@H](O)[C@H]2O)cc(C(C)(C)C)c1O,CHEMBL3349442,IC50,nM,43.0,IC50,M,4.3E-8
CO[C@H]1O[C@H](C)[C@H](N[C@H]2C=C(CO)[C@@H](O)[C@H](O)[C@H]2O)[C@H](O)[C@H]1O,CHEMBL2051764,IC50,nM,100000.0,IC50,M,0.0001
CO[C@H]1O[C@H](CO)[C@H](N[C@H]2C[C@](O)(CO)[C@@H](O)[C@H](O)[C@H]2O)[C@H](O)[C@H]1O,CHEMBL2051759,IC50,nM,100.0,IC50,M,1E-7
OC[C@H]1NC[C@H](O)[C@@H](O)[C@@H]1O,CHEMBL307429,IC50,nM,40.0,IC50,uM,0.04
C=C1CC[C@@H]2[C@]3(C)COC(c4ccccc4)O[C@@H]3CC[C@@]2(C)[C@@H]1C/C=C1/C(=O)OC[C@H]1O,CHEMBL380336,IC50,nM,101000.0,IC50,uM,101.0
C[C@]1(CO)[C@H]2CC[C@@]3(CO3)[C@@H](/C=C/C3=C/C(=C/C=C/c4ccccc4)OC3=O)[C@]2(C)CC[C@H]1O,CHEMBL205969,IC50,nM,101000.0,IC50,uM,101.0
COc1ccc(/C=C2/C=C(/C=C/[C@@H]3[C@@]4(CC[C@@H]5[C@](C)(CO)[C@H](O)CC[C@]53C)CO4)C(=O)O2)cc1,CHEMBL205155,IC50,nM,120000.0,IC50,uM,120.0
C=C1CC[C@@H]2[C@](C)(CO)[C@H](O)CC[C@@]2(C)[C@@H]1/C=C/C1=C/C(=C/C=C/c2ccccc2)OC1=O,CHEMBL209093,IC50,nM,58000.0,IC50,uM,58.0
C=C1CC[C@@H]2[C@](C)(CO)[C@H](O)CC[C@@]2(C)[C@@H]1/C=C/C1=C/C(=C/c2ccc(OC)cc2)OC1=O,CHEMBL377520,IC50,nM,16000.0,IC50,uM,16.0
C=C1CC[C@@H]2[C@](C)(CO)[C@H](O)CC[C@@]2(C)[C@@H]1/C=C/C1=C/C(=C/CCC)OC1=O,CHEMBL206309,IC50,nM,110000.0,IC50,uM,110.0
C=C1CC[C@@H]2[C@]3(C)COC(c4cccc(Br)c4)O[C@@H]3CC[C@@]2(C)[C@@H]1C/C=C1/C(=O)OC[C@H]1O,CHEMBL379280,IC50,nM,100000.0,IC50,uM,100.0
C=C1CC[C@@H]2[C@](C)(CO)[C@H](O)CC[C@@]2(C)[C@@H]1/C=C/C1=C/C(=C/c2ccco2)OC1=O,CHEMBL241374,IC50,nM,100000.0,IC50,uM,100.0
C=C1CC[C@@H]2[C@](C)(CO)[C@H](O)CC[C@@]2(C)[C@@H]1/C=C/C1=C/C(=C/c2cc(OC)c(OC)cc2OC)OC1=O,CHEMBL238604,IC50,nM,84000.0,IC50,uM,84.0
C=C1CC[C@@H]2[C@](C)(CO)[C@H](O)CC[C@@]2(C)[C@@H]1/C=C/C1=C/C(=C/c2ccc3c(c2)OCO3)OC1=O,CHEMBL398800,IC50,nM,82000.0,IC50,uM,82.0
C=C1CC[C@@H]2[C@](C)(CO)[C@H](O)CC[C@@]2(C)[C@@H]1/C=C/C1=C/C(=C/c2ccc(OC)cc2)OC1=O,CHEMBL377520,IC50,nM,16000.0,IC50,uM,16.0
C=C1CC[C@@H]2[C@](C)(CO)[C@H](O)CC[C@@]2(C)[C@@H]1/C=C/C1=C/C(=C/c2ccc(N(C)C)cc2)OC1=O,CHEMBL241165,IC50,nM,70000.0,IC50,uM,70.0
C=C1CC[C@@H]2[C@](C)(COC(=O)c3cccnc3)[C@H](OC(=O)c3cccnc3)CC[C@@]2(C)[C@@H]1/C=C/C1=C/C(=C\c2ccc(OC)cc2)OC1=O,CHEMBL394049,IC50,nM,11000.0,IC50,uM,11.0
C=C1CC[C@@H]2[C@](C)(COC(=O)c3cccnc3)[C@H](OC(=O)c3cccnc3)CC[C@@]2(C)[C@@H]1/C=C/C1=C/C(=C/c2ccco2)OC1=O,CHEMBL240080,IC50,nM,36000.0,IC50,uM,36.0
C=C1CC[C@@H]2[C@](C)(COC(=O)c3cccnc3)[C@H](OC(=O)c3cccnc3)CC[C@@]2(C)[C@@H]1/C=C/C1=C/C(=C\c2ccc(N(C)C)cc2)OC1=O,CHEMBL437564,IC50,nM,25000.0,IC50,uM,25.0
C=C1CC[C@@H]2[C@](C)(COC(=O)c3cccnc3)[C@H](OC(=O)c3cccnc3)CC[C@@]2(C)[C@@H]1/C=C/C1=C/C(=C\c2cccc(Br)c2)OC1=O,CHEMBL396679,IC50,nM,14000.0,IC50,uM,14.0
C=C1CC[C@@H]2[C@](C)(COC(=O)c3cccnc3)[C@H](OC(=O)c3cccnc3)CC[C@@]2(C)[C@@H]1/C=C/C1=C/C(=C\c2ccc(Cl)cc2)OC1=O,CHEMBL394682,IC50,nM,6000.0,IC50,uM,6.0
C=C1CC[C@@H]2[C@](C)(COC(=O)c3cccnc3)[C@H](OC(=O)c3cccnc3)CC[C@@]2(C)[C@@H]1/C=C/C1=C/C(=C\c2ccccc2)OC1=O,CHEMBL396678,IC50,nM,16000.0,IC50,uM,16.0
C=C1CC[C@@H]2[C@](C)(COC(=O)c3cccnc3)[C@H](OC(=O)c3cccnc3)CC[C@@]2(C)[C@@H]1/C=C/C1=C/C(=C\C(C)=C\CCC/C=C/C)OC1=O,CHEMBL396677,IC50,nM,28000.0,IC50,uM,28.0
C=C1CC[C@@H]2[C@](C)(CO)[C@H](O)CC[C@@]2(C)[C@@H]1/C=C/C1=C/C(=C/c2ccccc2)OC1=O,CHEMBL238603,IC50,nM,58000.0,IC50,uM,58.0
OC[C@H]1NC[C@H](O)[C@@H](O)[C@@H]1O,CHEMBL307429,IC50,nM,2000.0,IC50,uM,2.0
OCCN1C[C@H](O)[C@@H](O)[C@H](O)[C@H]1CO,CHEMBL1561,IC50,nM,6000.0,IC50,uM,6.0
CCCCN1C[C@H](O)[C@@H](O)[C@H](O)[C@H]1CO,CHEMBL1029,IC50,nM,9000.0,IC50,uM,9.0
OC[C@@H]1[C@@H](O)[C@H](O)[C@@H](O)CN1CCCCCOCC12CC3CC(CC(C3)C1)C2,CHEMBL574645,IC50,nM,4000.0,IC50,uM,4.0
OC[C@@H]1NC[C@H](O)[C@@H](O)[C@@H]1O,CHEMBL175901,IC50,nM,1000000.0,IC50,uM,1000.0
CCCCN1C[C@H](O)[C@@H](O)[C@H](O)[C@@H]1CO,CHEMBL1076754,IC50,nM,1000000.0,IC50,uM,1000.0
OC[C@H]1[C@@H](O)[C@H](O)[C@@H](O)CN1CCCCCOCC12CC3CC(CC(C3)C1)C2,CHEMBL1086996,IC50,nM,1000000.0,IC50,uM,1000.0
OC[C@H]1NC[C@H](O)[C@@H](O)[C@H]1O,CHEMBL110458,IC50,nM,1500.0,IC50,uM,1.5
CCCCN1C[C@H](O)[C@@H](O)[C@@H](O)[C@H]1CO,CHEMBL1086997,IC50,nM,10000.0,IC50,uM,10.0
OC[C@@H]1[C@H](O)[C@H](O)[C@@H](O)CN1CCCCCOCC12CC3CC(CC(C3)C1)C2,CHEMBL1088158,IC50,nM,15000.0,IC50,uM,15.0
OC[C@@H]1NC[C@H](O)[C@@H](O)[C@H]1O,CHEMBL179409,IC50,nM,1000000.0,IC50,uM,1000.0
CCCCN1C[C@H](O)[C@@H](O)[C@@H](O)[C@@H]1CO,CHEMBL1088291,IC50,nM,1000000.0,IC50,uM,1000.0
OC[C@H]1[C@H](O)[C@H](O)[C@@H](O)CN1CCCCCOCC12CC3CC(CC(C3)C1)C2,CHEMBL1088292,IC50,nM,1000000.0,IC50,uM,1000.0
O=S(=O)([O-])O[C@@H]([C@H](O)[C@H](O)[C@H](O)CO)[C@H](O)C[S+]1C[C@@H](O)[C@H](O)[C@H]1CO,CHEMBL1089559,Ki,nM,200.0,Ki,uM,0.2
O=S(=O)([O-])O[C@@H]([C@H](O)[C@H](O)[C@@H](O)CO)[C@H](O)C[S+]1C[C@@H](O)[C@H](O)[C@H]1CO,CHEMBL1093264,Ki,nM,190.0,Ki,uM,0.19
O=S(=O)([O-])O[C@@H]([C@H](O)[C@@H](O)[C@@H](O)CO)[C@H](O)C[S+]1C[C@@H](O)[C@H](O)[C@H]1CO,CHEMBL1093524,Ki,nM,100.0,Ki,uM,0.1
O=S(=O)([O-])O[C@@H]([C@H](O)[C@@H](O)[C@H](O)CO)[C@H](O)C[S+]1C[C@@H](O)[C@H](O)[C@H]1CO,CHEMBL1093525,Ki,nM,130.0,Ki,uM,0.13
O=S(=O)([O-])O[C@@H]([C@H](O)[C@@H](O)CO)[C@H](O)C[S@+]1C[C@@H](O)[C@H](O)[C@H]1CO,CHEMBL1258528,Ki,nM,170.0,Ki,uM,0.17
OC[C@@H]1[C@@H](O)[C@H](O)C[S@@+]1C[C@@H](O)[C@@H](O)[C@H](O)[C@@H](O)CO.[Cl-],CHEMBL1258529,Ki,nM,43.0,Ki,uM,0.043
OC[C@@H](O)[C@@H](O)[C@H](O)[C@H](O)C[S@+]1C[C@@H](O)[C@H](O)[C@H]1CO.[Cl-],CHEMBL1258643,Ki,nM,15.0,Ki,uM,0.015
CO[C@@H]([C@H](O)[C@@H](O)CO)[C@H](O)C[S@+]1C[C@@H](O)[C@H](O)[C@H]1CO.[Cl-],CHEMBL1258644,Ki,nM,500.0,Ki,uM,0.5
O=S(=O)([O-])O[C@@H]([C@H](O)[C@H](O)[C@@H](O)CO)[C@H](O)C[S+]1C[C@@H](O)[C@H](O)[C@H]1CO,CHEMBL1093264,Ki,nM,190.0,Ki,uM,0.19
OCCN1C[C@H](O)[C@@H](O)[C@H](O)[C@H]1CO,CHEMBL1561,Ki,nM,1000.0,Ki,uM,1.0
OC[C@@H]1[C@@H](O)[C@H](O)C[S+]1C[C@@H](O)[C@@H](O)[C@H](O)[C@H](O)[C@@H](O)CO.[Cl-],CHEMBL1276973,Ki,nM,30.0,Ki,uM,0.03
O=S(=O)([O-])O[C@@H](CO)[C@H](O)C[S@+]1C[C@@H](O)[C@H](O)[C@H]1CO,CHEMBL1208974,Ki,nM,1000.0,Ki,uM,1.0
O=S(=O)(O)O[C@@H]([C@H](O)[C@H](O)[C@@H](O)CO)[C@H](O)CN1C[C@H](O)[C@@H](O)[C@H](O)[C@H]1CO,CHEMBL1277062,Ki,nM,2300.0,Ki,uM,2.3
Cl.OC[C@@H]1[C@@H](O)[C@H](O)[C@@H](O)CN1C[C@@H](O)[C@@H](O)[C@H](O)[C@H](O)[C@@H](O)CO,CHEMBL1277063,Ki,nM,1400.0,Ki,uM,1.4
O=S(=O)(O)O[C@@H]([C@H](O)[C@H](O)[C@@H](O)CO)[C@H](O)CN1C[C@@H](O)[C@H](O)[C@H]1CO,CHEMBL1277152,Ki,nM,90000.0,Ki,uM,90.0
O=S(=O)([O-])O[C@@H]([C@H](O)[C@H](O)[C@@H](O)CO)[C@H](O)C[Se+]1C[C@@H](O)[C@H](O)[C@H]1CO,CHEMBL1277153,Ki,nM,80.0,Ki,uM,0.08
Cl.OC[C@@H]1[C@@H](O)[C@H](O)CN1C[C@@H](O)[C@@H](O)[C@H](O)[C@H](O)[C@@H](O)CO,CHEMBL1277240,Ki,nM,60.0,Ki,uM,0.06
OC[C@@H]1[C@@H](O)[C@H](O)C[Se+]1C[C@@H](O)[C@@H](O)[C@H](O)[C@H](O)[C@@H](O)CO.[Cl-],CHEMBL1277241,Ki,nM,20.0,Ki,uM,0.02
CO[C@@H]([C@H](O)[C@@H](O)CO)[C@H](O)C[S@+]1C[C@@H](O)[C@H](O)[C@H]1CO.[Cl-],CHEMBL1258644,Ki,nM,500.0,Ki,uM,0.5
CO[C@@H]([C@H](O)[C@@H](O)CO)[C@H](O)C[S@+]1C[C@@H](O)[C@H](O)[C@H]1CO.[Cl-],CHEMBL1258644,Ki,nM,500.0,Ki,uM,0.5
OC[C@@H]1[C@@H](O)[C@H](O)C[S@@+]1C[C@@H](O)[C@@H](O)[C@H](O)[C@@H](O)CO.[Cl-],CHEMBL1258529,Ki,nM,43.0,Ki,uM,0.043
OC[C@@H]1[C@@H](O)[C@H](O)[C@@H](O)CN1CCCCCOCC12CC3CC(CC(C3)C1)C2,CHEMBL574645,IC50,nM,3000.0,IC50,uM,3.0
OC[C@H]1[C@@H](O)[C@H](O)[C@@H](O)CN1CCCCCOCC12CC3CC(CC(C3)C1)C2,CHEMBL1086996,IC50,nM,500000.0,IC50,uM,500.0
OC[C@@H]1[C@@H](O)[C@H](O)[C@@H](O)CN1CCCCCOCc1ccc(-c2ccccc2)cc1,CHEMBL3354025,IC50,nM,2000.0,IC50,uM,2.0
OC[C@H]1[C@@H](O)[C@H](O)[C@@H](O)CN1CCCCCOCc1ccc(-c2ccccc2)cc1,CHEMBL3354038,IC50,nM,100000.0,IC50,uM,100.0
OC[C@@H]1[C@@H](O)[C@H](O)[C@@H](O)CN1CCCCCOCc1ccccc1-c1ccccc1,CHEMBL3354062,IC50,nM,1500.0,IC50,uM,1.5
OC[C@@H]1[C@@H](O)[C@H](O)[C@@H](O)CN1CCCCCOCc1cccc(-c2ccccc2)c1,CHEMBL3354063,IC50,nM,1500.0,IC50,uM,1.5
OC[C@@H]1[C@@H](O)[C@H](O)[C@@H](O)CN1CC(F)(F)CCCOCc1ccc(-c2ccccc2)cc1,CHEMBL3354620,IC50,nM,100000.0,IC50,uM,100.0
OC[C@@H]1[C@@H](O)[C@H](O)[C@@H](O)CN1CCCC(F)(F)COCc1ccc(-c2ccccc2)cc1,CHEMBL3354621,IC50,nM,9000.0,IC50,uM,9.0
C[C@H](OCCCCCN1C[C@H](O)[C@@H](O)[C@H](O)[C@H]1CO)c1ccc(-c2ccccc2)cc1,CHEMBL3354622,IC50,nM,2500.0,IC50,uM,2.5
C[C@@H](OCCCCCN1C[C@H](O)[C@@H](O)[C@H](O)[C@H]1CO)c1ccc(-c2ccccc2)cc1,CHEMBL3354623,IC50,nM,4000.0,IC50,uM,4.0
OC[C@@H]1[C@@H](O)[C@H](O)[C@@H](O)CN1CCCCCOCc1ccc(-c2ccccc2)cc1F,CHEMBL3354624,IC50,nM,2500.0,IC50,uM,2.5
OC[C@@H]1[C@@H](O)[C@H](O)[C@@H](O)CN1CCCCCOCc1ccc(-c2ccccc2)c(F)c1,CHEMBL3354625,IC50,nM,3000.0,IC50,uM,3.0
OC[C@@H]1[C@@H](O)[C@H](O)[C@@H](O)CN1CCCCCOCc1ccc(-c2ccccc2)cc1C(F)(F)F,CHEMBL3354626,IC50,nM,8000.0,IC50,uM,8.0
OC[C@@H]1[C@@H](O)[C@H](O)[C@@H](O)CN1CCCCCOCc1ccc(-c2ccccc2)c(C(F)(F)F)c1,CHEMBL3354627,IC50,nM,7000.0,IC50,uM,7.0
C[C@H](OCCCCCN1C[C@H](O)[C@@H](O)[C@H](O)[C@@H]1CO)c1ccc(-c2ccccc2)cc1,CHEMBL3354628,IC50,nM,100000.0,IC50,uM,100.0
C[C@@H](OCCCCCN1C[C@H](O)[C@@H](O)[C@H](O)[C@@H]1CO)c1ccc(-c2ccccc2)cc1,CHEMBL3354629,IC50,nM,100000.0,IC50,uM,100.0
OC[C@H]1[C@@H](O)[C@H](O)[C@@H](O)CN1CCCCCOCc1ccccc1-c1ccccc1,CHEMBL3354630,IC50,nM,100000.0,IC50,uM,100.0
OC[C@H]1[C@@H](O)[C@H](O)[C@@H](O)CN1CCCCCOCc1cccc(-c2ccccc2)c1,CHEMBL3354631,IC50,nM,100000.0,IC50,uM,100.0
OC[C@H]1[C@@H](O)[C@H](O)[C@@H](O)CN1CC(F)(F)CCCOCc1ccc(-c2ccccc2)cc1,CHEMBL3354632,IC50,nM,100000.0,IC50,uM,100.0
OC[C@H]1[C@@H](O)[C@H](O)[C@@H](O)CN1CCCC(F)(F)COCc1ccc(-c2ccccc2)cc1,CHEMBL3354633,IC50,nM,100000.0,IC50,uM,100.0
OC[C@H]1[C@@H](O)[C@H](O)[C@@H](O)CN1CCCCCOCc1ccc(-c2ccccc2)cc1C(F)(F)F,CHEMBL3354634,IC50,nM,100000.0,IC50,uM,100.0
OC[C@H]1[C@@H](O)[C@H](O)[C@@H](O)CN1CCCCCOCc1ccc(-c2ccccc2)c(C(F)(F)F)c1,CHEMBL3354635,IC50,nM,100000.0,IC50,uM,100.0
OC[C@H]1[C@@H](O)[C@H](O)[C@@H](O)CN1CCCCCOCc1ccc(-c2ccccc2)cc1F,CHEMBL3354636,IC50,nM,100000.0,IC50,uM,100.0
OC[C@H]1[C@@H](O)[C@H](O)[C@@H](O)CN1CCCCCOCc1ccc(-c2ccccc2)c(F)c1,CHEMBL3354637,IC50,nM,100000.0,IC50,uM,100.0
COc1ccc(O)c(/C=N/NC(=O)c2ccc(-c3nc4ccccc4s3)cc2)c1,CHEMBL3407617,IC50,nM,6500.0,IC50,uM,6.5
O=C(N/N=C\c1ccccn1)c1ccc(-c2nc3ccccc3s2)cc1,CHEMBL3407618,IC50,nM,10230.0,IC50,uM,10.23
O=C(N/N=C/c1ccc(O)cc1)c1ccc(-c2nc3ccccc3s2)cc1,CHEMBL3407620,IC50,nM,11290.0,IC50,uM,11.29
O=C(N/N=C/c1cccs1)c1ccc(-c2nc3ccccc3s2)cc1,CHEMBL3407621,IC50,nM,8480.0,IC50,uM,8.48
O=C(N/N=C/c1cccc(O)c1O)c1ccc(-c2nc3ccccc3s2)cc1,CHEMBL3407622,IC50,nM,11220.0,IC50,uM,11.22
COc1ccc(/C=N/NC(=O)c2ccc(-c3nc4ccccc4s3)cc2)c(O)c1,CHEMBL3407623,IC50,nM,6970.0,IC50,uM,6.97
O=C(N/N=C/c1ccccc1O)c1ccc(-c2nc3ccccc3s2)cc1,CHEMBL3407624,IC50,nM,5550.0,IC50,uM,5.55
O=C(N/N=C\c1ccco1)c1ccc(-c2nc3ccccc3s2)cc1,CHEMBL3407625,IC50,nM,12750.0,IC50,uM,12.75
O=C(N/N=C/c1ccc(O)c(O)c1)c1ccc(-c2nc3ccccc3s2)cc1,CHEMBL3407626,IC50,nM,15090.0,IC50,uM,15.09
O=C(N/N=C/c1ccc(O)cc1O)c1ccc(-c2nc3ccccc3s2)cc1,CHEMBL3407627,IC50,nM,5580.0,IC50,uM,5.58
O=C(N/N=C/c1ccc([N+](=O)[O-])cc1)c1ccc(-c2nc3ccccc3s2)cc1,CHEMBL3407630,IC50,nM,26380.0,IC50,uM,26.38
C[C@H]1O[C@H](O[C@H]2[C@H](O)[C@@H](O)[C@@H](O[C@H]3[C@H](O)[C@@H](O)C(O)O[C@@H]3CO)O[C@@H]2CO)[C@H](O)[C@@H](O)[C@@H]1N[C@H]1C=C(CO)[C@@H](O)[C@H](O)[C@H]1O,CHEMBL404271,IC50,nM,906000.0,IC50,uM,906.0
O=C(N/N=C/c1ccc(F)cc1)c1ccc(-c2nc3ccccc3s2)cc1,CHEMBL3407632,IC50,nM,7120.0,IC50,uM,7.12
COc1cc(/C=N/NC(=O)c2ccc(-c3nc4ccccc4s3)cc2)cc(OC)c1,CHEMBL3407633,IC50,nM,16170.0,IC50,uM,16.17
O=C(N/N=C/c1ccccc1)c1ccc(-c2nc3ccccc3s2)cc1,CHEMBL3407634,IC50,nM,8050.0,IC50,uM,8.05
O=C(N/N=C/c1ccc(F)c(Br)c1)c1ccc(-c2nc3ccccc3s2)cc1,CHEMBL3407635,IC50,nM,28020.0,IC50,uM,28.02
COc1ccc(/C=N/NC(=O)c2ccc(-c3nc4ccccc4s3)cc2)cc1,CHEMBL3407636,IC50,nM,18330.0,IC50,uM,18.33
O=C(N/N=C/c1c(O)cc(O)cc1O)c1ccc(-c2nc3ccccc3s2)cc1,CHEMBL3407637,IC50,nM,8370.0,IC50,uM,8.37
O=C(N/N=C/c1ccc(O)c(Br)c1)c1ccc(-c2nc3ccccc3s2)cc1,CHEMBL3407638,IC50,nM,8070.0,IC50,uM,8.07
O=C(N/N=C/c1ccc(Cl)cc1)c1ccc(-c2nc3ccccc3s2)cc1,CHEMBL3407639,IC50,nM,5310.0,IC50,uM,5.31
COc1cccc(/C=N/NC(=O)c2ccc(-c3nc4ccccc4s3)cc2)c1,CHEMBL3407640,IC50,nM,11090.0,IC50,uM,11.09
O=C(N/N=C/c1cccc(O)c1)c1ccc(-c2nc3ccccc3s2)cc1,CHEMBL3407641,IC50,nM,9210.0,IC50,uM,9.21
COc1cc(/C=N/NC(=O)c2ccc(-c3nc4ccccc4s3)cc2)ccc1O,CHEMBL3407643,IC50,nM,53340.0,IC50,uM,53.34
COc1ccc(/C=N/NC(=O)c2ccc(-c3nc4ccccc4s3)cc2)c(I)c1O,CHEMBL3407644,IC50,nM,44800.0,IC50,uM,44.8
O=C(N/N=C/c1cc(O)ccc1O)c1ccc(-c2nc3ccccc3s2)cc1,CHEMBL3407645,IC50,nM,11850.0,IC50,uM,11.85
O=C(N/N=C/c1cc(O)cc(O)c1)c1ccc(-c2nc3ccccc3s2)cc1,CHEMBL3407646,IC50,nM,11120.0,IC50,uM,11.12
CO[C@@H](CO)[C@H](O)C[S+]1C[C@@H](O)[C@H](O)[C@H]1CO.[Cl-],CHEMBL3814747,IC50,nM,2000.0,IC50,uM,2.0
CCO[C@@H](CO)[C@H](O)C[S+]1C[C@@H](O)[C@H](O)[C@H]1CO.[Cl-],CHEMBL3814838,IC50,nM,960.0,IC50,uM,0.96
CCCCCO[C@@H](CO)[C@H](O)C[S+]1C[C@@H](O)[C@H](O)[C@H]1CO.[Cl-],CHEMBL3814555,IC50,nM,1500.0,IC50,uM,1.5
CCCCCCCO[C@@H](CO)[C@H](O)C[S+]1C[C@@H](O)[C@H](O)[C@H]1CO.[Cl-],CHEMBL3814911,IC50,nM,640.0,IC50,uM,0.64
CCCCCCCCCCCCCO[C@@H](CO)[C@H](O)C[S+]1C[C@@H](O)[C@H](O)[C@H]1CO.[Cl-],CHEMBL3814264,IC50,nM,1100.0,IC50,uM,1.1
CC(C)CO[C@@H](CO)[C@H](O)C[S+]1C[C@@H](O)[C@H](O)[C@H]1CO.[Cl-],CHEMBL3814988,IC50,nM,690.0,IC50,uM,0.69
CC(C)(C)CO[C@@H](CO)[C@H](O)C[S+]1C[C@@H](O)[C@H](O)[C@H]1CO.[Cl-],CHEMBL3815109,IC50,nM,470.0,IC50,uM,0.47
O=[N+]([O-])c1ccccc1CO[C@@H](CO)[C@H](O)C[S+]1C[C@@H](O)[C@H](O)[C@H]1CO.[Cl-],CHEMBL3814496,IC50,nM,150.0,IC50,uM,0.15
O=S(=O)([O-])O[C@@H](CO)[C@H](O)C[S+]1C[C@@H](O)[C@H](O)[C@H]1CO,CHEMBL239249,IC50,nM,4900.0,IC50,uM,4.9
OC[C@@H]1[C@@H](O)[C@H](O)C[S+]1C[C@@H](O)[C@@H](O)CO,CHEMBL1182462,IC50,nM,9000.0,IC50,uM,9.0
OCC(CO)N[C@H]1C[C@](O)(CO)[C@@H](O)[C@H](O)[C@H]1O,CHEMBL476960,IC50,nM,1300.0,IC50,uM,1.3
C[C@@H]1O[C@@H](O[C@@H]2[C@@H](O)[C@H](O)[C@H](O[C@H]3[C@H](O)[C@@H](O)C(O)O[C@@H]3CO)O[C@H]2CO)[C@@H](O)[C@H](O)[C@H]1N[C@H]1C=C(CO)[C@@H](O)[C@H](O)[C@H]1O,CHEMBL4299399,IC50,nM,15200.0,IC50,uM,15.2
OCCN1C[C@H](O)[C@@H](O)[C@H](O)[C@H]1CO,CHEMBL1561,IC50,nM,3700.0,IC50,uM,3.7
O=S(=O)([O-])O[C@@H](CO)[C@H](O)C[S@+]1C[C@@H](O)[C@H](O)[C@H]1CO,CHEMBL1208974,Ki,nM,190.0,Ki,uM,0.19
CCCC[S@+]1C[C@@H](O)[C@H](O)[C@H]1CO.[Cl-],CHEMBL4754034,Ki,nM,32000.0,Ki,uM,32.0
CCCCCCCCCCCCCC[S@+]1C[C@@H](O)[C@H](O)[C@H]1CO.[Cl-],CHEMBL4749306,Ki,nM,6000.0,Ki,uM,6.0
CCCCCCCC[S@+]1C[C@@H](O)[C@H](O)[C@H]1CO.[Cl-],CHEMBL4750690,Ki,nM,51000.0,Ki,uM,51.0
O=S(=O)([O-])O[C@@H](CO)[C@H](O)C[S@+]1C[C@@H](O)[C@H](O)[C@H]1CO,CHEMBL1208974,IC50,nM,4900.0,IC50,uM,4.9
[O-][C@@H](CO)[C@H](O)C[S@+]1C[C@@H](O)[C@H](O)[C@H]1CO,CHEMBL1684162,IC50,nM,9000.0,IC50,uM,9.0
OCC(CO)N[C@H]1C[C@](O)(CO)[C@@H](O)[C@H](O)[C@H]1O,CHEMBL476960,IC50,nM,1300.0,IC50,uM,1.3
C[C@H]1O[C@H](O[C@H]2[C@H](O)[C@@H](O)[C@@H](O[C@H]3[C@H](O)[C@@H](O)C(O)O[C@@H]3CO)O[C@@H]2CO)[C@H](O)[C@@H](O)[C@@H]1N[C@H]1C=C(CO)[C@@H](O)[C@H](O)[C@H]1O,CHEMBL404271,IC50,nM,15200.0,IC50,uM,15.2
OCCN1C[C@H](O)[C@@H](O)[C@H](O)[C@H]1CO,CHEMBL1561,IC50,nM,3700.0,IC50,uM,3.7
CCC[C@@H](O)[C@H](OS(=O)(=O)[O-])[C@H](O)C[S@+]1C[C@@H](O)[C@H](O)[C@H]1CO,CHEMBL4757019,IC50,nM,4800.0,IC50,uM,4.8
CCCCCC[C@@H](O)[C@H](OS(=O)(=O)[O-])[C@H](O)C[S@+]1C[C@@H](O)[C@H](O)[C@H]1CO,CHEMBL4744484,IC50,nM,1700.0,IC50,uM,1.7
CCCCCCCC[C@@H](O)[C@H](OS(=O)(=O)[O-])[C@H](O)C[S@+]1C[C@@H](O)[C@H](O)[C@H]1CO,CHEMBL4786471,IC50,nM,1200.0,IC50,uM,1.2
CCCCCCCCCC[C@@H](O)[C@H](OS(=O)(=O)[O-])[C@H](O)C[S@+]1C[C@@H](O)[C@H](O)[C@H]1CO,CHEMBL4779172,IC50,nM,1500.0,IC50,uM,1.5
CCCCCCCC[C@@H](O)[C@H](O)[C@H](O)C[S@+]1C[C@@H](O)[C@H](O)[C@H]1CO.CS(=O)(=O)[O-],CHEMBL4757822,IC50,nM,2000.0,IC50,uM,2.0
CCC[C@@H](O)[C@H](O)[C@H](O)C[S@+]1C[C@@H](O)[C@H](O)[C@H]1CO.CS(=O)(=O)[O-],CHEMBL4757984,IC50,nM,5000.0,IC50,uM,5.0
C/C=C/Cc1cc(-c2oc3c(C(C)(C)CC)c(O)cc(O)c3c(=O)c2O)cc(O)c1O,CHEMBL4760193,Ki,nM,4200.0,Ki,uM,4.2
CC(C)=CCc1cc(-c2oc3cc(O)c(CC=C(C)C)c(O)c3c(=O)c2O)cc(O)c1O,CHEMBL457303,Ki,nM,2300.0,Ki,uM,2.3
CC(C)=CCc1cc(C(=O)/C=C/c2ccc(O)c(O)c2)c(O)cc1O,CHEMBL115452,Ki,nM,5300.0,Ki,uM,5.3
COc1ccc([C@@H]2N[C@@H](CO)[C@H](O)[C@H]2O)cc1O,CHEMBL454551,IC50,nM,6700.0,IC50,uM,6.7
OC[C@@H]1N[C@@H](c2ccc(O)cc2)[C@H](O)[C@H]1O,CHEMBL4783560,IC50,nM,9300.0,IC50,uM,9.3
OC[C@H]1NC[C@H](O)[C@@H](O)[C@@H]1O,CHEMBL307429,IC50,nM,1400.0,IC50,uM,1.4
C[C@]1(CO)NC[C@H](O)[C@@H](O)[C@@H]1O.Cl,CHEMBL4856375,IC50,nM,1000.0,IC50,uM,1.0
OC[C@H]1NC[C@H](O)[C@@H](O)[C@@H]1O,CHEMBL307429,IC50,nM,8030.0,IC50,uM,8.03
COc1ccc(-c2oc3cc(OC)cc(OC)c3c(=O)c2OCCCCCN2C[C@H](O)[C@@H](O)[C@H](O)[C@H]2CO)cc1,CHEMBL5083981,IC50,nM,40560.0,IC50,uM,40.56
COc1ccc(-c2oc3cc(OC)cc(OC)c3c(=O)c2OCCCCCCCCN2C[C@H](O)[C@@H](O)[C@H](O)[C@H]2CO)cc1,CHEMBL5076041,IC50,nM,1780.0,IC50,uM,1.78
COc1ccc(-c2oc3cc(OC)cc(OC)c3c(=O)c2OCCCCCCCCCCCN2C[C@H](O)[C@@H](O)[C@H](O)[C@H]2CO)cc1,CHEMBL5082173,IC50,nM,240.0,IC50,uM,0.24
C=C1C(=O)O[C@@H]2/C=C(\C)[C@@H](O)C/C=C(\C)C[C@@H](OC(=O)/C(=C\C)COC(C)=O)[C@@H]12,CHEMBL5084733,IC50,nM,25000.0,IC50,uM,25.0
C=C1C(=O)O[C@@H]2/C=C(\C)CC/C=C(\C)C[C@@H](OC(=O)/C(=C\COC(C)=O)CO)[C@@H]12,CHEMBL5094636,IC50,nM,29000.0,IC50,uM,29.0
C=C1C(=O)O[C@@H]2/C=C(\C)CC/C=C(\CO)C[C@@H](OC(=O)/C(C)=C/C)[C@@H]12,CHEMBL5077500,IC50,nM,25000.0,IC50,uM,25.0
C=C1C(=O)O[C@@H]2/C=C(\C)CC/C=C(\C)C[C@@H](OC(=O)/C(=C\C)CO)[C@@H]12,CHEMBL5070918,IC50,nM,29000.0,IC50,uM,29.0
C=C1C(=O)O[C@@H]2/C=C(\C)C[C@H](O)/C=C(\C)C[C@@H](OC(=O)/C(=C\C)CO)[C@@H]12,CHEMBL521162,IC50,nM,28000.0,IC50,uM,28.0
C=C1C(=O)O[C@@H]2/C=C(\C)C[C@H](O)/C=C(\C)C[C@@H](OC(=O)/C(=C\C)COC(C)=O)[C@@H]12,CHEMBL5075131,IC50,nM,25000.0,IC50,uM,25.0
C=C1C(=O)O[C@@H]2/C=C(\C)CC/C=C(\CC(=O)O)C[C@@H](OC(=O)/C(C)=C/C)[C@@H]12,CHEMBL5079023,IC50,nM,28000.0,IC50,uM,28.0
C=C1C(=O)O[C@@H]2/C=C(\C)CC/C=C(\C)C[C@@H](OC(=O)/C(=C/C)CO)[C@@H]12,CHEMBL5083965,IC50,nM,29000.0,IC50,uM,29.0
C=C1C(=O)O[C@@H]2/C=C(\C)CC/C=C(\C)C[C@@H](OC(=O)/C(=C/C)COC(C)=O)[C@@H]12,CHEMBL5088957,IC50,nM,25000.0,IC50,uM,25.0
C=C1C(=O)O[C@@H]2/C=C(\C)CC/C=C(\C)C[C@@H](OC(=O)/C(=C/CO)CO)[C@@H]12,CHEMBL490011,IC50,nM,28000.0,IC50,uM,28.0
O=c1c(O)c(-c2ccc(O)c(O)c2)oc2cc(O)cc(O)c12,CHEMBL50,IC50,nM,10800.0,IC50,uM,10.8
CC(C)=CCc1cc(C[C@@]2(C(=O)O)OC(=O)C(OC(C)(C)[C@@H](O)Cc3cc(C[C@@]4(C(=O)O)OC(=O)C(O)=C4c4ccc(O)cc4)ccc3O)=C2c2ccc(O)cc2)ccc1O,CHEMBL5201393,IC50,nM,10500.0,IC50,uM,10.5
COc1cc2c(c(O)c1CO)C(=O)OC[C@@H]2O,CHEMBL5172902,IC50,nM,1410000.0,IC50,mM,1.41
COc1ccc(C(=O)Nc2cccc(C(=O)/C=C3/Nc4ccccc4NC3=O)c2)cc1,CHEMBL5196850,IC50,nM,166090.0,IC50,uM,166.09
O=C(/C=C/c1ccccc1)/C=C1/Nc2ccccc2NC1=O,CHEMBL5201575,IC50,nM,40090.0,IC50,uM,40.09
COc1ccc(C2SCC(=O)N2c2ccc3nc(Cc4ccc(O)cc4)c(=O)[nH]c3c2)cc1,CHEMBL4571630,IC50,nM,276270.0,IC50,uM,276.27
CC(C)c1nc2ccc(N3C(=O)CSC3c3ccc([N+](=O)[O-])cc3)cc2[nH]c1=O,CHEMBL5187552,IC50,nM,301150.0,IC50,uM,301.15
O=c1[nH]c2ccccc2nc1N/N=C/c1cccs1,CHEMBL5203236,IC50,nM,9990.0,IC50,uM,9.99
COc1cccc(/C=N/Nc2nc3ccccc3[nH]c2=O)c1,CHEMBL5194852,IC50,nM,13930.0,IC50,uM,13.93
O=c1[nH]c2ccccc2n2c(-c3ccc([N+](=O)[O-])cc3[N+](=O)[O-])ccc12,CHEMBL5207115,IC50,nM,22990.0,IC50,uM,22.99
O=c1[nH]c2ccccc2n2c(-c3ccc(O)cc3O)ccc12,CHEMBL5200953,IC50,nM,12910.0,IC50,uM,12.91
O=c1[nH]c2ccccc2n2c(-c3ccc(Cl)c(Cl)c3)ccc12,CHEMBL5179709,IC50,nM,12980.0,IC50,uM,12.98
Cc1ccc(NC(=O)Cn2c(=O)c(C)nc3ccccc32)c([N+](=O)[O-])c1,CHEMBL5173825,IC50,nM,83780.0,IC50,uM,83.78
C=CCc1cc(-c2cc(CC=C)c3oc(SCc4nnc(-c5ccccc5Br)o4)nc3c2)c2oc(SCc3nnc(-c4ccccc4Br)o3)nc2c1,CHEMBL5209522,IC50,nM,25800.0,IC50,uM,25.8
C=CCc1cc(-c2cc(CC=C)c3oc(SCc4nnc(-c5ccccc5C)o4)nc3c2)c2oc(SCc3nnc(-c4ccccc4C)o3)nc2c1,CHEMBL5178321,IC50,nM,25000.0,IC50,uM,25.0
C=CCc1cc(-c2cc(CC=C)c3oc(SCc4nnc(-c5cccc(C)c5)o4)nc3c2)c2oc(SCc3nnc(-c4cccc(C)c4)o3)nc2c1,CHEMBL5202537,IC50,nM,18900.0,IC50,uM,18.9
C=CCc1cc(-c2cc(CC=C)c3oc(SCc4nnc(-c5cccc(OC)c5)o4)nc3c2)c2oc(SCc3nnc(-c4cccc(OC)c4)o3)nc2c1,CHEMBL5186121,IC50,nM,24500.0,IC50,uM,24.5
C=CCc1cc(CSc2nnc(-c3cccc(OC)c3)o2)c(O)c(-c2ccc(O)c(CC=C)c2)c1,CHEMBL5195148,IC50,nM,52900.0,IC50,uM,52.9
C[C@H]1O[C@H](O[C@H]2[C@H](O)[C@@H](O)[C@@H](O[C@H]3[C@H](O)[C@@H](O)C(O)O[C@@H]3CO)O[C@@H]2CO)[C@H](O)[C@@H](O)[C@@H]1N[C@H]1C=C(CO)[C@@H](O)[C@H](O)[C@H]1O,CHEMBL404271,IC50,nM,24400.0,IC50,uM,24.4
C=CCc1cc(-c2cc(CC=C)c3oc(SCc4nnc(-c5cccc(C)c5)o4)nc3c2)c2oc(SCc3nnc(-c4cccc(C)c4)o3)nc2c1,CHEMBL5202537,Ki,nM,20800.0,Ki,uM,20.8
OC[C@H]1NC[C@@H](O)[C@@H]1O,CHEMBL80254,IC50,nM,56000.0,IC50,uM,56.0
OC[C@@H]1NC[C@@H](O)[C@@H]1O,CHEMBL3751947,IC50,nM,2700.0,IC50,uM,2.7
Cc1cc(O)c2c(c1)-c1c(-c3ccc(O)cc3)c(=O)oc3c1c-2c(O)c1cccc(O)c13,CHEMBL5175772,IC50,nM,890.0,IC50,uM,0.89
Cc1cc(O)c2c(c1)-c1c(-c3c[nH]c4ccccc34)c(=O)oc3c1c-2c(O)c1cccc(O)c13,CHEMBL5194087,IC50,nM,1580.0,IC50,uM,1.58
CC/C=C\C/C=C\CCC(=O)O[C@@]12[C@H](OC(=O)[C@@H](C)CC)[C@@H](C)[C@@]3(O)[C@@H](C(=O)C(CO)=C[C@]4(O)C(=O)C(C)=C[C@@H]34)[C@@H]1C2(C)C,CHEMBL5175917,IC50,nM,15300.0,IC50,uM,15.3
CC(C)=CCc1c(O)ccc2c1O/C(=C\c1ccc(O)cc1)C2=O,CHEMBL5289805,IC50,nM,73800.0,IC50,uM,73.8
CC(C)(O)[C@H]1Cc2ccc3c(c2C1)O/C(=C\c1ccc(O)c(O)c1)C3=O,CHEMBL5274141,IC50,nM,62100.0,IC50,uM,62.1
COc1ccc(CNC(=O)c2c(NC(=O)c3cccnc3)sc3c2CCC3)cc1,CHEMBL5281437,IC50,nM,87600.0,IC50,uM,87.6
O=C(Nc1sc2c(c1C(=O)NCc1ccccc1)CCC2)c1cccnc1,CHEMBL5267745,IC50,nM,82500.0,IC50,uM,82.5
COc1cc(CNC(=O)c2c(NC(=O)c3cccnc3)sc3c2CCC3)ccc1O,CHEMBL5283691,IC50,nM,93600.0,IC50,uM,93.6
COc1ccc(CNC(=O)c2c(NC(=O)c3cccnc3)sc3c2CCCC3)cc1,CHEMBL5286422,IC50,nM,30200.0,IC50,uM,30.2
O=C(Nc1sc2c(c1C(=O)NCc1ccccc1)CCCC2)c1cccnc1,CHEMBL5270418,IC50,nM,45300.0,IC50,uM,45.3
O=C(Nc1sc2c(c1C(=O)NCc1ccccn1)CCCC2)c1cccnc1,CHEMBL5285158,IC50,nM,64100.0,IC50,uM,64.1
O=C(Nc1sc2c(c1C(=O)NCc1cccnc1)CCCC2)c1cccnc1,CHEMBL5271561,IC50,nM,507000.0,IC50,uM,507.0
COc1cc(CNC(=O)c2c(NC(=O)c3cccnc3)sc3c2CCCC3)ccc1O,CHEMBL5273222,IC50,nM,9900.0,IC50,uM,9.9
COC(=O)c1ccc(CNC(=O)c2c(NC(=O)c3cccnc3)sc3c2CCCC3)cc1,CHEMBL5283357,IC50,nM,87800.0,IC50,uM,87.8
O=C(Nc1sc2c(c1C(=O)NCc1ccccc1)CCCCC2)c1cccnc1,CHEMBL5268974,IC50,nM,63400.0,IC50,uM,63.4
COc1cc(CNC(=O)c2c(NC(=O)c3cccnc3)sc3c2CCCCC3)ccc1O,CHEMBL5269761,IC50,nM,35400.0,IC50,uM,35.4
C[C@H]1O[C@H](O[C@H]2[C@H](O)[C@@H](O)[C@@H](O[C@H]3[C@H](O)[C@@H](O)C(O)O[C@@H]3CO)O[C@@H]2CO)[C@H](O)[C@@H](O)[C@@H]1N[C@H]1C=C(CO)[C@@H](O)[C@H](O)[C@H]1O,CHEMBL404271,IC50,nM,258500.0,IC50,uM,258.5
OCCN1C[C@H](O)[C@@H](O)[C@H](O)[C@H]1CO,CHEMBL1561,IC50,nM,154300.0,IC50,uM,154.3
C[C@H]1O[C@H](O[C@H]2[C@H](O)[C@@H](O)[C@@H](O[C@H]3[C@H](O)[C@@H](O)C(O)O[C@@H]3CO)O[C@@H]2CO)[C@H](O)[C@@H](O)[C@@H]1N[C@H]1C=C(CO)[C@@H](O)[C@H](O)[C@H]1O,CHEMBL404271,IC50,nM,40730.0,IC50,uM,40.73
C=CCc1cc(-c2ccc(O)c(CC=C)c2)c(O)c(C(c2ccc(OC)cc2)N2CCCCC2)c1,CHEMBL5270854,IC50,nM,30450.0,IC50,uM,30.45
C=CCc1cc(-c2ccc(O)c(CC=C)c2)c(O)c(C(c2cc(Cl)cc(Cl)c2)N2CCCCC2)c1,CHEMBL5280017,IC50,nM,23510.0,IC50,uM,23.51
C=CCc1cc(-c2ccc(O)c(CC=C)c2)c(O)c(C(c2cc(Cl)cc(Cl)c2)N2CCC(C)CC2)c1,CHEMBL5286499,IC50,nM,14940.0,IC50,uM,14.94
C=CCc1cc(-c2ccc(O)c(CC=C)c2)c(O)c(C(c2cc(Cl)cc(Cl)c2)N2CCOCC2)c1,CHEMBL5273816,IC50,nM,13780.0,IC50,uM,13.78
C=CCc1cc(-c2cc(CC=C)c(O)c(C(c3ccc(Cl)cc3)N3CCOCC3)c2)c(O)c(C(c2ccc(Cl)cc2)N2CCOCC2)c1,CHEMBL5269617,IC50,nM,18580.0,IC50,uM,18.58
C=CCc1cc(-c2ccc(O)c(CC=C)c2)c(O)c(C(c2cc(Cl)cc(Cl)c2)N2CCC(C)CC2)c1,CHEMBL5286499,Ki,nM,1700.0,Ki,uM,1.7
C=CCc1cc(-c2ccc(O)c(CC=C)c2)c(O)c(C(c2cc(Cl)cc(Cl)c2)N2CCOCC2)c1,CHEMBL5273816,Ki,nM,3270.0,Ki,uM,3.27
CC(C)=CCC/C(C)=C/Cc1c(O)cc(O)c(C(=O)/C=C/c2ccc(O)cc2)c1O,CHEMBL480722,IC50,nM,1080.0,IC50,uM,1.08
C[C@H]1O[C@H](O[C@H]2[C@H](O)[C@@H](O)[C@@H](O[C@H]3[C@H](O)[C@@H](O)C(O)O[C@@H]3CO)O[C@@H]2CO)[C@H](O)[C@@H](O)[C@@H]1N[C@H]1C=C(CO)[C@@H](O)[C@H](O)[C@H]1O,CHEMBL404271,IC50,nM,39600.0,IC50,uM,39.6
O=c1c2cc(O)c(O)cc2oc2cc(O)c([C@H]3O[C@@H](CO)[C@H](O)[C@@H](O)[C@@H]3O)c(O)c12,CHEMBL4856778,IC50,nM,13000.0,IC50,uM,13.0
COc1cc(O)c2c(=O)c3c(OC)c(OC)ccc3oc2c1OC,CHEMBL3093492,IC50,nM,65800.0,IC50,uM,65.8
COc1ccc2oc3cc(O)cc(O)c3c(=O)c2c1O,CHEMBL5282121,IC50,nM,71200.0,IC50,uM,71.2
COc1cc(O)c2c(=O)c3cc(O)ccc3oc2c1,CHEMBL3093478,IC50,nM,31800.0,IC50,uM,31.8
O=c1c2cc(O)ccc2oc2cc(O)cc(O)c12,CHEMBL361025,IC50,nM,31800.0,IC50,uM,31.8
COc1ccc2oc3cc(O)cc(O)c3c(=O)c2c1OC,CHEMBL5287329,IC50,nM,18000.0,IC50,uM,18.0
COc1cc(O)c2c(=O)c3c(O)ccc(O)c3oc2c1OC,CHEMBL5280310,IC50,nM,82200.0,IC50,uM,82.2
COc1cc(O)c2c(=O)c3c(OC)ccc(OC)c3oc2c1OC,CHEMBL5276460,IC50,nM,40100.0,IC50,uM,40.1
COc1cc(O)c2c(=O)c3c(OC)ccc(OC)c3oc2c1,CHEMBL5290214,IC50,nM,75800.0,IC50,uM,75.8
O=c1c2c(O)cc(O)cc2oc2ccc(O)c(O)c12,CHEMBL187043,IC50,nM,7090.0,IC50,uM,7.09
COc1cc(O[C@H]2O[C@@H](CO)[C@H](O)[C@H](O)[C@@H]2O)c2c(=O)c3ccc(O)c(OC)c3oc2c1,CHEMBL5287286,IC50,nM,84500.0,IC50,uM,84.5
COc1cc(O)c2c(=O)c3c(O)c(C4O[C@@H](O)[C@H](O)[C@H](O[C@@H]5O[C@@H](C)[C@@H](O)[C@@H](O)[C@@H]5O)[C@@H]4O[C@@H]4O[C@@H](C)[C@H](O)[C@@H](O)[C@H]4O)ccc3oc2c1,CHEMBL5289610,IC50,nM,500000.0,IC50,uM,500.0
O=c1c2c(O[C@H]3O[C@@H](CO)[C@H](O)[C@H](O)[C@@H]3O)cc(O)cc2oc2ccc(O)c(O)c12,CHEMBL5280602,IC50,nM,133700.0,IC50,uM,133.7
COc1cc(O)c2c(=O)c3c(O)c(O[C@H]4O[C@@H](CO)[C@H](O)[C@H](O)[C@@H]4O)ccc3oc2c1OC,CHEMBL5287620,IC50,nM,394900.0,IC50,uM,394.9
COc1cc(O)c2c(=O)c3c(O)c(O[C@H]4O[C@@H](CO)[C@H](O)[C@H](O)[C@@H]4O)ccc3oc2c1,CHEMBL5266980,IC50,nM,115000.0,IC50,uM,115.0
COc1cc(O[C@H]2O[C@@H](CO)[C@H](O)[C@H](O)[C@@H]2O)c2c(=O)c3c(OC)c(OC)ccc3oc2c1,CHEMBL5279492,IC50,nM,83800.0,IC50,uM,83.8
COc1cc(O)c2c(=O)c3c(OC)cc(O)cc3oc2c1OC,CHEMBL5270478,IC50,nM,500000.0,IC50,uM,500.0
COc1cc(O)c2c(=O)c3c(OC)c(O)ccc3oc2c1,CHEMBL467590,IC50,nM,500000.0,IC50,uM,500.0
COc1cc(O)c2c(=O)c3c(O)c(O)ccc3oc2c1OC,CHEMBL1709767,IC50,nM,5420.0,IC50,uM,5.42
COc1cc(O)c2c(=O)c3c(O)c(OC)ccc3oc2c1,CHEMBL3704820,IC50,nM,107800.0,IC50,uM,107.8
COc1cc(O)c2c(=O)c3c(OC)c(OC)ccc3oc2c1,CHEMBL26323,IC50,nM,142100.0,IC50,uM,142.1
COc1cc(O)c2c(=O)c3c(O)c(O)ccc3oc2c1,CHEMBL187044,IC50,nM,30600.0,IC50,uM,30.6
O=c1c2c(O)cc(O)cc2oc2c(O)ccc(O)c12,CHEMBL184574,IC50,nM,5300.0,IC50,uM,5.3
COc1cc(O)c2c(=O)c3c(OC)c(O)ccc3oc2c1OC,CHEMBL3093493,IC50,nM,77400.0,IC50,uM,77.4
COc1cc(O)c2c(=O)c3c(O)c(O[C@@H]4O[C@H](CO)[C@@H](O)[C@H](O)[C@H]4O[C@@H]4O[C@@H](C)[C@H](O)[C@@H](O)[C@H]4O)ccc3oc2c1,CHEMBL2409395,IC50,nM,75800.0,IC50,uM,75.8
O=c1c2c(O)cc(O)cc2oc2c(O)ccc(O[C@@H]3O[C@H](CO)[C@@H](O)[C@H](O)[C@H]3O)c12,CHEMBL512072,IC50,nM,500000.0,IC50,uM,500.0
COc1cc(O)c2c(=O)c3c(O)c(O[C@@H]4OC[C@@H](O)[C@H](O)[C@H]4O[C@@H]4O[C@@H](C)[C@H](O)[C@@H](O)[C@H]4O)ccc3oc2c1,CHEMBL5271324,IC50,nM,31100.0,IC50,uM,31.1
O=c1c2c(O)c(O)ccc2oc2cc(O)c(O[C@@H]3O[C@H](CO)[C@@H](O)[C@H](O)[C@H]3O)c(O)c12,CHEMBL5267559,IC50,nM,140400.0,IC50,uM,140.4
C[C@H]1O[C@H](O[C@H]2[C@H](O)[C@@H](O)[C@@H](O[C@H]3[C@H](O)[C@@H](O)C(O)O[C@@H]3CO)O[C@@H]2CO)[C@H](O)[C@@H](O)[C@@H]1N[C@H]1C=C(CO)[C@@H](O)[C@H](O)[C@H]1O,CHEMBL404271,IC50,nM,39800.0,IC50,uM,39.8
O=c1c2cc(O)c(O)cc2oc2cc(O)c([C@H]3O[C@@H](CO)[C@H](O)[C@@H](O)[C@@H]3O)c(O)c12,CHEMBL4856778,IC50,nM,13300.0,IC50,uM,13.3
COc1ccc2oc3cc(O)cc(O)c3c(=O)c2c1O,CHEMBL5282121,IC50,nM,71600.0,IC50,uM,71.6
COc1ccc2oc3cc(O)cc(O)c3c(=O)c2c1OC,CHEMBL5287329,IC50,nM,18300.0,IC50,uM,18.3
O=c1c2c(O)cc(O)cc2oc2ccc(O)c(O)c12,CHEMBL187043,IC50,nM,7300.0,IC50,uM,7.3
COc1cc(O[C@H]2O[C@@H](CO)[C@H](O)[C@H](O)[C@@H]2O)c2c(=O)c3ccc(O)c(OC)c3oc2c1,CHEMBL5287286,IC50,nM,87600.0,IC50,uM,87.6
COc1cc(O)c2c(=O)c3c(O)c(O[C@H]4O[C@@H](CO)[C@H](O)[C@H](O)[C@@H]4O)ccc3oc2c1OC,CHEMBL5287620,IC50,nM,134500.0,IC50,uM,134.5
COc1cc(O)c2c(=O)c3c(O)c(O[C@H]4O[C@@H](CO)[C@H](O)[C@H](O)[C@@H]4O)ccc3oc2c1,CHEMBL5266980,IC50,nM,395000.0,IC50,uM,395.0
COc1cc(O)c2c(=O)c3cc(O[C@H]4O[C@@H](CO)[C@H](O)[C@H](O)[C@@H]4O)ccc3oc2c1OC,CHEMBL5290427,IC50,nM,114800.0,IC50,uM,114.8
COc1cc(O)c2c(=O)c3c(OC)cc(O)cc3oc2c1OC,CHEMBL5270478,IC50,nM,20200.0,IC50,uM,20.2
COc1cc(O)c2c(=O)c3c(O)c(OC)ccc3oc2c1,CHEMBL3704820,IC50,nM,108200.0,IC50,uM,108.2
COc1cc(O)c2c(=O)c3c(OC)c(OC)ccc3oc2c1,CHEMBL26323,IC50,nM,142200.0,IC50,uM,142.2
O=c1c2c(O)cc(O)cc2oc2c(O)ccc(O)c12,CHEMBL184574,IC50,nM,5200.0,IC50,uM,5.2
COc1cc(O)c2c(=O)c3c(O)c(O[C@@H]4OC[C@@H](O)[C@H](O)[C@H]4O[C@@H]4O[C@@H](C)[C@H](O)[C@@H](O)[C@H]4O)ccc3oc2c1,CHEMBL5271324,IC50,nM,31600.0,IC50,uM,31.6
COc1cc(O)cc(CCc2ccc(O)c(OC)c2)c1,CHEMBL219553,IC50,nM,103100.0,IC50,uM,103.1
COc1cc(O)cc(CCc2cccc(O)c2)c1,CHEMBL450788,IC50,nM,148800.0,IC50,uM,148.8
COc1ccc(CCc2cc(O)c(O)c(OC)c2)cc1,CHEMBL5282250,IC50,nM,199500.0,IC50,uM,199.5
COc1cc([C@@H]2Oc3cc(CCc4ccc(O)cc4)cc(OC)c3O[C@H]2CO)cc(OC)c1O,CHEMBL5281130,IC50,nM,9460000.0,IC50,uM,9460.0
COc1cc(CCc2cccc(O)c2)cc(O)c1O,CHEMBL5266364,IC50,nM,213900.0,IC50,uM,213.9
C[C@H]1O[C@H](O[C@H]2[C@H](O)[C@@H](O)[C@@H](O[C@H]3[C@H](O)[C@@H](O)C(O)O[C@@H]3CO)O[C@@H]2CO)[C@H](O)[C@@H](O)[C@@H]1N[C@H]1C=C(CO)[C@@H](O)[C@H](O)[C@H]1O,CHEMBL404271,IC50,nM,763500.0,IC50,uM,763.5
C[C@H]1O[C@H](O[C@H]2[C@H](O)[C@@H](O)[C@@H](O[C@H]3[C@H](O)[C@@H](O)C(O)O[C@@H]3CO)O[C@@H]2CO)[C@H](O)[C@@H](O)[C@@H]1N[C@H]1C=C(CO)[C@@H](O)[C@H](O)[C@H]1O,CHEMBL404271,IC50,nM,750000.0,IC50,uM,750.0
COc1cc(C2Nc3ccccc3C(=O)N2Nc2ccccc2)ccc1OCc1cn(CC(=O)NCc2ccc(C)cc2)nn1,CHEMBL5271893,IC50,nM,5400.0,IC50,uM,5.4
COc1cc(C2Nc3ccccc3C(=O)N2Nc2ccccc2)ccc1OCc1cn(CC(=O)NCc2ccccc2)nn1,CHEMBL5277262,IC50,nM,11600.0,IC50,uM,11.6
COc1cc(C2Nc3ccccc3C(=O)N2Nc2ccccc2)ccc1OCc1cn(CC(=O)Nc2ccc([N+](=O)[O-])cc2)nn1,CHEMBL5281806,IC50,nM,6000.0,IC50,uM,6.0
COc1cc(C2Nc3ccccc3C(=O)N2Nc2ccccc2)ccc1OCc1cn(CC(=O)Nc2ccc(Br)cc2)nn1,CHEMBL5266791,IC50,nM,140200.0,IC50,uM,140.2
COc1cc(C2Nc3ccccc3C(=O)N2Nc2ccccc2)ccc1OCc1cn(CC(=O)Nc2ccc(Cl)cc2)nn1,CHEMBL5282594,IC50,nM,6700.0,IC50,uM,6.7
COc1ccc(NC(=O)Cn2cc(COc3ccc(C4Nc5ccccc5C(=O)N4Nc4ccccc4)cc3OC)nn2)cc1,CHEMBL5268812,IC50,nM,5000.0,IC50,uM,5.0
CCc1ccc(NC(=O)Cn2cc(COc3ccc(C4Nc5ccccc5C(=O)N4Nc4ccccc4)cc3OC)nn2)cc1,CHEMBL5277625,IC50,nM,7200.0,IC50,uM,7.2
COc1cc(C2Nc3ccccc3C(=O)N2Nc2ccccc2)ccc1OCc1cn(CC(=O)Nc2ccc(C)cc2C)nn1,CHEMBL5287920,IC50,nM,10600.0,IC50,uM,10.6
COc1cc(C2Nc3ccccc3C(=O)N2Nc2ccccc2)ccc1OCc1cn(CC(=O)Nc2ccc(C)cc2)nn1,CHEMBL5287798,IC50,nM,13000.0,IC50,uM,13.0
COc1cc(C2Nc3ccccc3C(=O)N2Nc2ccccc2)ccc1OCc1cn(CC(=O)Nc2ccccc2)nn1,CHEMBL5275387,IC50,nM,11700.0,IC50,uM,11.7
Cc1ccc(CNC(=O)Cn2cc(COc3ccc(C4Nc5ccccc5C(=O)N4Nc4ccccc4)cc3)nn2)cc1,CHEMBL5268702,IC50,nM,8300.0,IC50,uM,8.3
O=C(Cn1cc(COc2ccc(C3Nc4ccccc4C(=O)N3Nc3ccccc3)cc2)nn1)NCc1ccccc1,CHEMBL5286942,IC50,nM,12000.0,IC50,uM,12.0
O=C(Cn1cc(COc2ccc(C3Nc4ccccc4C(=O)N3Nc3ccccc3)cc2)nn1)Nc1ccc([N+](=O)[O-])cc1,CHEMBL5279383,IC50,nM,12000.0,IC50,uM,12.0
O=C(Cn1cc(COc2ccc(C3Nc4ccccc4C(=O)N3Nc3ccccc3)cc2)nn1)Nc1ccc(Br)cc1,CHEMBL5283167,IC50,nM,8000.0,IC50,uM,8.0
O=C(Cn1cc(COc2ccc(C3Nc4ccccc4C(=O)N3Nc3ccccc3)cc2)nn1)Nc1ccc(Cl)cc1,CHEMBL5280846,IC50,nM,15300.0,IC50,uM,15.3
COc1ccc(NC(=O)Cn2cc(COc3ccc(C4Nc5ccccc5C(=O)N4Nc4ccccc4)cc3)nn2)cc1,CHEMBL5277603,IC50,nM,42600.0,IC50,uM,42.6
CCc1ccc(NC(=O)Cn2cc(COc3ccc(C4Nc5ccccc5C(=O)N4Nc4ccccc4)cc3)nn2)cc1,CHEMBL5287039,IC50,nM,14700.0,IC50,uM,14.7
Cc1ccc(NC(=O)Cn2cc(COc3ccc(C4Nc5ccccc5C(=O)N4Nc4ccccc4)cc3)nn2)c(C)c1,CHEMBL5279273,IC50,nM,4800.0,IC50,uM,4.8
Cc1ccc(NC(=O)Cn2cc(COc3ccc(C4Nc5ccccc5C(=O)N4Nc4ccccc4)cc3)nn2)cc1,CHEMBL5271794,IC50,nM,95600.0,IC50,uM,95.6
O=C(Cn1cc(COc2ccc(C3Nc4ccccc4C(=O)N3Nc3ccccc3)cc2)nn1)Nc1ccccc1,CHEMBL5278958,IC50,nM,16600.0,IC50,uM,16.6
COc1ccc(-c2ncc(NC(=O)Cn3cc(COc4ccc(-c5nc6ccccc6[nH]5)cc4)nn3)s2)cc1,CHEMBL5270724,IC50,nM,6310.0,IC50,uM,6.31
CCc1ccc(NC(=O)Cn2cc(COc3ccc(-c4nc5ccccc5[nH]4)cc3)nn2)cc1,CHEMBL5277400,IC50,nM,25200.0,IC50,uM,25.2
Cc1ccc(NC(=O)Cn2cc(COc3ccc(C4Nc5ccccc5C(=O)N4Nc4ccccc4)cc3)nn2)c(C)c1,CHEMBL5279273,Ki,nM,4800.0,Ki,uM,4.8
C[C@H]1O[C@H](O[C@H]2[C@H](O)[C@@H](O)[C@@H](O[C@H]3[C@H](O)[C@@H](O)C(O)O[C@@H]3CO)O[C@@H]2CO)[C@H](O)[C@@H](O)[C@@H]1N[C@H]1C=C(CO)[C@@H](O)[C@H](O)[C@H]1O,CHEMBL404271,IC50,nM,26100.0,IC50,uM,26.1
O=C(Cn1c(Cc2ccc(Br)cc2)nc2ccccc2c1=O)NNC(=O)c1cc2ccccc2oc1=O,CHEMBL4128298,IC50,nM,7300.0,IC50,uM,7.3
O=c1oc2cc(O)ccc2c2oc3cc(O)ccc3c12,CHEMBL30707,IC50,nM,6000.0,IC50,uM,6.0
COc1ccc2c(c1)OC[C@H]1c3ccc(OC)c(O)c3O[C@@H]21,CHEMBL5279690,IC50,nM,128100.0,IC50,uM,128.1
COc1ccc2c(c1OC)O[C@H]1c3ccc(O)cc3OC[C@@H]21,CHEMBL5269655,IC50,nM,174200.0,IC50,uM,174.2
CC1(C)C=Cc2c(ccc3c2OC2c4ccc(O)cc4OCC32)O1,CHEMBL5290636,IC50,nM,6000.0,IC50,uM,6.0
O=c1oc2ccc(Cl)cc2c(O)c1C(c1cccc([N+](=O)[O-])c1)c1c(O)c2cc(Cl)ccc2oc1=O,CHEMBL3264731,IC50,nM,27070.0,IC50,uM,27.07
O=c1oc2ccc(Cl)cc2c(O)c1C(c1ccc(Cl)cc1Cl)c1c(O)c2cc(Cl)ccc2oc1=O,CHEMBL3264730,IC50,nM,16540.0,IC50,uM,16.54
C[C@H]1O[C@H](O[C@H]2[C@H](O)[C@@H](O)[C@@H](O[C@H]3[C@H](O)[C@@H](O)C(O)O[C@@H]3CO)O[C@@H]2CO)[C@H](O)[C@@H](O)[C@@H]1N[C@H]1C=C(CO)[C@@H](O)[C@H](O)[C@H]1O,CHEMBL404271,IC50,nM,906000.0,IC50,uM,906.0
COc1cc(C(c2c(O)c3cc(C)ccc3oc2=O)c2c(O)c3cc(C)ccc3oc2=O)cc(OC)c1OC,CHEMBL3264720,IC50,nM,385990.0,IC50,uM,385.99
CCOc1cc(C(c2c(O)c3cc(C)ccc3oc2=O)c2c(O)c3cc(C)ccc3oc2=O)ccc1O,CHEMBL3264733,IC50,nM,221060.0,IC50,uM,221.06
COc1ccc(C(c2c(O)c3cc(C)ccc3oc2=O)c2c(O)c3cc(C)ccc3oc2=O)cc1,CHEMBL3264735,IC50,nM,106630.0,IC50,uM,106.63
COc1ccc(C(c2c(O)c3cc(Cl)ccc3oc2=O)c2c(O)c3cc(Cl)ccc3oc2=O)cc1O,CHEMBL3264726,IC50,nM,113050.0,IC50,uM,113.05
O=c1oc2ccc(Cl)cc2c(O)c1C(c1cccc(O)c1)c1c(O)c2cc(Cl)ccc2oc1=O,CHEMBL3264725,IC50,nM,84060.0,IC50,uM,84.06
COc1cc(C(c2c(O)c3cc(Cl)ccc3oc2=O)c2c(O)c3cc(Cl)ccc3oc2=O)ccc1O,CHEMBL3264724,IC50,nM,83640.0,IC50,uM,83.64
CCOc1cc(C(c2c(O)c3cc(Cl)ccc3oc2=O)c2c(O)c3cc(Cl)ccc3oc2=O)ccc1O,CHEMBL3264727,IC50,nM,57140.0,IC50,uM,57.14
COc1cc(C(c2c(O)c3cc(Cl)ccc3oc2=O)c2c(O)c3cc(Cl)ccc3oc2=O)cc(OC)c1OC,CHEMBL3264728,IC50,nM,128140.0,IC50,uM,128.14
COc1ccc(C(c2c(O)c3cc(Cl)ccc3oc2=O)c2c(O)c3cc(Cl)ccc3oc2=O)cc1OC,CHEMBL3264729,IC50,nM,91360.0,IC50,uM,91.36
NS(=O)(=O)c1ccc(/N=C2\NC(=O)/C(=C\c3ccccc3)S2)cc1,CHEMBL5559448,IC50,nM,691.0,IC50,uM,0.691
COc1ccc(/C=C2/S/C(=N/c3ccc(S(N)(=O)=O)cc3)NC2=O)cc1,CHEMBL5512544,IC50,nM,475.0,IC50,uM,0.475
NS(=O)(=O)c1ccc(/N=C2\NC(=O)/C(=C\c3ccc(Cl)cc3)S2)cc1,CHEMBL5532288,IC50,nM,1646.0,IC50,uM,1.646
NS(=O)(=O)c1ccc(/N=C2\NC(=O)/C(=C\c3ccc(F)cc3)S2)cc1,CHEMBL5555209,IC50,nM,440.0,IC50,uM,0.44
CN1C(=O)/C(=C\c2ccccc2)S/C1=N/c1ccc(S(N)(=O)=O)cc1,CHEMBL5556832,IC50,nM,346.0,IC50,uM,0.346
COc1ccc(/C=C2/S/C(=N/c3ccc(S(N)(=O)=O)cc3)N(C)C2=O)cc1,CHEMBL5517809,IC50,nM,3346.0,IC50,uM,3.346
CN1C(=O)/C(=C\c2ccc(Cl)cc2)S/C1=N/c1ccc(S(N)(=O)=O)cc1,CHEMBL5555959,IC50,nM,1387.0,IC50,uM,1.387
CN1C(=O)/C(=C\c2ccc(F)cc2)S/C1=N/c1ccc(S(N)(=O)=O)cc1,CHEMBL5558583,IC50,nM,860.0,IC50,uM,0.86
CCN1C(=O)/C(=C\c2ccccc2)S/C1=N/c1ccc(S(N)(=O)=O)cc1,CHEMBL5549876,IC50,nM,2025.0,IC50,uM,2.025
CCN1C(=O)/C(=C\c2ccc(OC)cc2)S/C1=N/c1ccc(S(N)(=O)=O)cc1,CHEMBL5527910,IC50,nM,1085.0,IC50,uM,1.085
CCN1C(=O)/C(=C\c2ccc(Cl)cc2)S/C1=N/c1ccc(S(N)(=O)=O)cc1,CHEMBL5505787,IC50,nM,447.0,IC50,uM,0.447
CCN1C(=O)/C(=C\c2ccc(F)cc2)S/C1=N/c1ccc(S(N)(=O)=O)cc1,CHEMBL5556926,IC50,nM,1276.0,IC50,uM,1.276
NS(=O)(=O)c1ccc(/N=C2\NC(=O)/C(=C3\C(=O)Nc4ccccc43)S2)cc1,CHEMBL5523415,IC50,nM,1833.0,IC50,uM,1.833
CN1C(=O)/C(=C2\C(=O)Nc3ccccc32)S/C1=N/c1ccc(S(N)(=O)=O)cc1,CHEMBL5555863,IC50,nM,599.0,IC50,uM,0.599
CCN1C(=O)/C(=C2\C(=O)Nc3ccccc32)S/C1=N/c1ccc(S(N)(=O)=O)cc1,CHEMBL5555903,IC50,nM,978.0,IC50,uM,0.978
C[C@H]1O[C@H](O[C@H]2[C@H](O)[C@@H](O)[C@@H](O[C@H]3[C@H](O)[C@@H](O)C(O)O[C@@H]3CO)O[C@@H]2CO)[C@H](O)[C@@H](O)[C@@H]1N[C@H]1C=C(CO)[C@@H](O)[C@H](O)[C@H]1O,CHEMBL404271,IC50,nM,421.0,IC50,uM,0.421
Cc1ccc(S(=O)(=O)Oc2ccc(/C=N/N=C3/NC(=O)CS3)cc2)cc1,CHEMBL5558505,IC50,nM,420.0,IC50,uM,0.42
O=C1N/C(=N\c2nccs2)S/C1=C\c1cc(C(F)(F)F)c2scnc2c1O,CHEMBL5557090,IC50,nM,3200.0,IC50,uM,3.2
Cc1ccc(N2C(=O)CS/C2=N\N=C(\CSc2nc3ccccc3[nH]2)c2ccc(Cl)cc2)cc1,CHEMBL5556230,IC50,nM,9800.0,IC50,uM,9.8
O=C1CSC(c2ccc([N+](=O)[O-])cc2)N1Cc1ccc2c(c1)OCO2,CHEMBL5517665,IC50,nM,5900.0,IC50,uM,5.9
O=C1N/C(=N\c2nccs2)S/C1=C\c1ccc(F)cc1,CHEMBL2315734,IC50,nM,2400.0,IC50,uM,2.4
COc1ccc(-c2[nH]c3c(c2CC#N)c(=O)oc2ccccc23)cc1,CHEMBL5395316,IC50,nM,48650.0,IC50,uM,48.65
O=C1Nc2ccccc2/C1=N/N=C/c1ccc(OCc2cn(Cc3ccccc3F)nn2)cc1,CHEMBL5560020,IC50,nM,16430.0,IC50,uM,16.43
O=C(N/N=C/c1ccccc1)c1ccc(OCc2cn(Cc3ccccc3)nn2)cc1,CHEMBL5555649,IC50,nM,20.0,IC50,uM,0.02
COc1cc(-c2nc3ccccc3[nH]2)ccc1OCc1cn(CC(=O)Nc2cnc(-c3ccccc3)s2)nn1,CHEMBL5430942,IC50,nM,6310.0,IC50,uM,6.31
Oc1ccccc1-c1nc(-c2ccccc2)c(-c2ccccc2)[nH]1,CHEMBL389656,IC50,nM,74320.0,IC50,uM,74.32
c1ccc2ncccc2c1,CHEMBL14474,IC50,nM,622400.0,IC50,uM,622.4
O=C(O)c1ccc2ccccc2n1,CHEMBL1160559,IC50,nM,53600.0,IC50,uM,53.6
O=C(O)c1cnc2ccccc2c1,CHEMBL275098,IC50,nM,63000.0,IC50,uM,63.0
CCOC(=O)c1c(SCC(=O)Nc2ccccc2)nnc(-c2ccccc2)c1-c1ccccc1,CHEMBL5566368,IC50,nM,70100.0,IC50,uM,70.1
O=C(NNC(=S)Nc1ccccc1)c1cc2c([nH]c3ccccc32)c(-c2ccccc2)n1,CHEMBL5590239,IC50,nM,11020.0,IC50,uM,11.02
O=C(NNC(=S)Nc1ccccc1F)c1cc2c([nH]c3ccccc32)c(-c2ccccc2)n1,CHEMBL5592521,IC50,nM,9800.0,IC50,uM,9.8
O=C(NNC(=S)Nc1cccc(F)c1)c1cc2c([nH]c3ccccc32)c(-c2ccccc2)n1,CHEMBL5594219,IC50,nM,5260.0,IC50,uM,5.26
O=C(NNC(=S)Nc1ccc(F)cc1)c1cc2c([nH]c3ccccc32)c(-c2ccccc2)n1,CHEMBL5594736,IC50,nM,9240.0,IC50,uM,9.24
O=C(NNC(=S)Nc1ccccc1Cl)c1cc2c([nH]c3ccccc32)c(-c2ccccc2)n1,CHEMBL5591690,IC50,nM,8470.0,IC50,uM,8.47
O=C(NNC(=S)Nc1cccc(Cl)c1)c1cc2c([nH]c3ccccc32)c(-c2ccccc2)n1,CHEMBL5592850,IC50,nM,6690.0,IC50,uM,6.69
O=C(NNC(=S)Nc1ccc(Cl)cc1)c1cc2c([nH]c3ccccc32)c(-c2ccccc2)n1,CHEMBL5595989,IC50,nM,6260.0,IC50,uM,6.26
O=C(NNC(=S)Nc1ccccc1Br)c1cc2c([nH]c3ccccc32)c(-c2ccccc2)n1,CHEMBL5584200,IC50,nM,9410.0,IC50,uM,9.41
O=C(NNC(=S)Nc1cccc(Br)c1)c1cc2c([nH]c3ccccc32)c(-c2ccccc2)n1,CHEMBL5591376,IC50,nM,4170.0,IC50,uM,4.17
O=C(NNC(=S)Nc1ccc(Br)cc1)c1cc2c([nH]c3ccccc32)c(-c2ccccc2)n1,CHEMBL5594910,IC50,nM,3210.0,IC50,uM,3.21
Cc1ccccc1NC(=S)NNC(=O)c1cc2c([nH]c3ccccc32)c(-c2ccccc2)n1,CHEMBL5595852,IC50,nM,12400.0,IC50,uM,12.4
Cc1cccc(NC(=S)NNC(=O)c2cc3c([nH]c4ccccc43)c(-c3ccccc3)n2)c1,CHEMBL5595782,IC50,nM,6040.0,IC50,uM,6.04
Cc1ccc(NC(=S)NNC(=O)c2cc3c([nH]c4ccccc43)c(-c3ccccc3)n2)cc1,CHEMBL5590445,IC50,nM,6550.0,IC50,uM,6.55
O=C(NNC(=S)Nc1ccccc1C(F)(F)F)c1cc2c([nH]c3ccccc32)c(-c2ccccc2)n1,CHEMBL5592894,IC50,nM,5240.0,IC50,uM,5.24
O=C(NNC(=S)Nc1cccc(C(F)(F)F)c1)c1cc2c([nH]c3ccccc32)c(-c2ccccc2)n1,CHEMBL5594439,IC50,nM,3990.0,IC50,uM,3.99
O=C(NNC(=S)Nc1ccc(C(F)(F)F)cc1)c1cc2c([nH]c3ccccc32)c(-c2ccccc2)n1,CHEMBL5594432,IC50,nM,3840.0,IC50,uM,3.84
O=C(NNC(=S)Nc1ccccc1OC(F)(F)F)c1cc2c([nH]c3ccccc32)c(-c2ccccc2)n1,CHEMBL5595481,IC50,nM,10990.0,IC50,uM,10.99
O=C(NNC(=S)Nc1ccc(OC(F)(F)F)cc1)c1cc2c([nH]c3ccccc32)c(-c2ccccc2)n1,CHEMBL5592136,IC50,nM,3860.0,IC50,uM,3.86
COc1ccccc1NC(=S)NNC(=O)c1cc2c([nH]c3ccccc32)c(-c2ccccc2)n1,CHEMBL5593118,IC50,nM,11980.0,IC50,uM,11.98
COc1cccc(NC(=S)NNC(=O)c2cc3c([nH]c4ccccc43)c(-c3ccccc3)n2)c1,CHEMBL5589774,IC50,nM,8980.0,IC50,uM,8.98
COc1ccc(NC(=S)NNC(=O)c2cc3c([nH]c4ccccc43)c(-c3ccccc3)n2)cc1,CHEMBL5589860,IC50,nM,11230.0,IC50,uM,11.23
CCOc1ccccc1NC(=S)NNC(=O)c1cc2c([nH]c3ccccc32)c(-c2ccccc2)n1,CHEMBL5593720,IC50,nM,4620.0,IC50,uM,4.62
CCOc1ccc(NC(=S)NNC(=O)c2cc3c([nH]c4ccccc43)c(-c3ccccc3)n2)cc1,CHEMBL5594123,IC50,nM,4440.0,IC50,uM,4.44
O=C(NNC(=S)Nc1ccc(Oc2ccccc2)cc1)c1cc2c([nH]c3ccccc32)c(-c2ccccc2)n1,CHEMBL5591395,IC50,nM,3090.0,IC50,uM,3.09
O=C(NNC(=S)Nc1cccc(OCc2ccccc2)c1)c1cc2c([nH]c3ccccc32)c(-c2ccccc2)n1,CHEMBL5594964,IC50,nM,2950.0,IC50,uM,2.95
O=C(NNC(=S)Nc1cccc([N+](=O)[O-])c1)c1cc2c([nH]c3ccccc32)c(-c2ccccc2)n1,CHEMBL5589972,IC50,nM,2810.0,IC50,uM,2.81
O=C(NNC(=S)Nc1ccc([N+](=O)[O-])cc1)c1cc2c([nH]c3ccccc32)c(-c2ccccc2)n1,CHEMBL5595235,IC50,nM,10990.0,IC50,uM,10.99
O=C(NNC(=S)Nc1ccc(F)c(F)c1)c1cc2c([nH]c3ccccc32)c(-c2ccccc2)n1,CHEMBL5590835,IC50,nM,3660.0,IC50,uM,3.66
Cc1ccc(NC(=S)NNC(=O)c2cc3c([nH]c4ccccc43)c(-c3ccccc3)n2)c(C)c1,CHEMBL5583905,IC50,nM,8510.0,IC50,uM,8.51
Cc1ccc(C)c(NC(=S)NNC(=O)c2cc3c([nH]c4ccccc43)c(-c3ccccc3)n2)c1,CHEMBL5595072,IC50,nM,4590.0,IC50,uM,4.59
Cc1cccc(C)c1NC(=S)NNC(=O)c1cc2c([nH]c3ccccc32)c(-c2ccccc2)n1,CHEMBL5595016,IC50,nM,10460.0,IC50,uM,10.46
COc1ccc(NC(=S)NNC(=O)c2cc3c([nH]c4ccccc43)c(-c3ccccc3)n2)c(OC)c1,CHEMBL5589699,IC50,nM,6880.0,IC50,uM,6.88
COc1ccc(OC)c(NC(=S)NNC(=O)c2cc3c([nH]c4ccccc43)c(-c3ccccc3)n2)c1,CHEMBL5590184,IC50,nM,5170.0,IC50,uM,5.17
COc1ccc(NC(=S)NNC(=O)c2cc3c([nH]c4ccccc43)c(-c3ccccc3)n2)cc1OC,CHEMBL5592227,IC50,nM,8300.0,IC50,uM,8.3
COc1cc(NC(=S)NNC(=O)c2cc3c([nH]c4ccccc43)c(-c3ccccc3)n2)cc(OC)c1,CHEMBL5592116,IC50,nM,5900.0,IC50,uM,5.9
COc1cc(NC(=S)NNC(=O)c2cc3c([nH]c4ccccc43)c(-c3ccccc3)n2)cc(OC)c1OC,CHEMBL5592418,IC50,nM,12250.0,IC50,uM,12.25
C[C@H]1O[C@H](O[C@H]2[C@H](O)[C@@H](O)[C@@H](O[C@H]3[C@H](O)[C@@H](O)C(O)O[C@@H]3CO)O[C@@H]2CO)[C@H](O)[C@@H](O)[C@@H]1N[C@H]1C=C(CO)[C@@H](O)[C@H](O)[C@H]1O,CHEMBL404271,IC50,nM,564280.0,IC50,uM,564.28
O=C(NNC(=S)Nc1cccc([N+](=O)[O-])c1)c1cc2c([nH]c3ccccc32)c(-c2ccccc2)n1,CHEMBL5589972,Ki,nM,1000.0,Ki,uM,1.0
C[C@H]1O[C@H](O[C@H]2[C@H](O)[C@@H](O)[C@@H](O[C@H]3[C@H](O)[C@@H](O)C(O)O[C@@H]3CO)O[C@@H]2CO)[C@H](O)[C@@H](O)[C@@H]1N[C@H]1C=C(CO)[C@@H](O)[C@H](O)[C@H]1O,CHEMBL404271,IC50,nM,42450.0,IC50,uM,42.45
O=S(=O)(NCCc1c[nH]c2ccccc12)c1cc(F)ccc1Cl,CHEMBL5420199,IC50,nM,1600.0,IC50,uM,1.6
